sqlID,jobID,stageId,stageAttemptId,Stage Duration,SQL Nodes(IDs)
1,12,12,0,337084,"Exchange(270),Filter(273),ColumnarToRow(274),WholeStageCodegen (19)(271),Scan parquet spark_catalog.demo_pauldefusco.trs_v25(275)"
1,13,13,0,301165,"Exchange(341),Filter(343),ColumnarToRow(344),WholeStageCodegen (29)(342),Scan parquet spark_catalog.demo_pauldefusco.branches_skewed(345)"
1,6,6,0,289980,"Exchange(146),Filter(148),ColumnarToRow(149),WholeStageCodegen (7)(147),Scan parquet spark_catalog.demo_pauldefusco.trs_v25(150)"
1,9,9,0,251886,"Exchange(169),Filter(171),ColumnarToRow(172),WholeStageCodegen (10)(170),Scan parquet spark_catalog.demo_pauldefusco.merchants_skewed(173)"
1,7,7,0,251174,"Exchange(153),Filter(156),ColumnarToRow(157),WholeStageCodegen (8)(154),Scan parquet spark_catalog.demo_pauldefusco.customers_skewed(158)"
1,8,8,0,250451,"Exchange(161),Filter(163),ColumnarToRow(164),WholeStageCodegen (9)(162),Scan parquet spark_catalog.demo_pauldefusco.accounts_skewed(165)"
1,10,10,0,250104,"Exchange(177),Filter(179),ColumnarToRow(180),WholeStageCodegen (11)(178),Scan parquet spark_catalog.demo_pauldefusco.branches_skewed(181)"
1,11,11,0,246056,"Exchange(185),Filter(187),ColumnarToRow(188),WholeStageCodegen (12)(186),Scan parquet spark_catalog.demo_pauldefusco.calendar(189)"
1,0,0,0,201977,"Exchange(66),Filter(68),ColumnarToRow(69),WholeStageCodegen (1)(67),Scan parquet spark_catalog.demo_pauldefusco.trs_v25(70)"
1,4,4,0,179678,"Exchange(96),Filter(98),ColumnarToRow(99),WholeStageCodegen (5)(97),Scan parquet spark_catalog.demo_pauldefusco.branches_skewed(100)"
1,3,3,0,178854,"Exchange(88),Filter(90),ColumnarToRow(91),WholeStageCodegen (4)(89),Scan parquet spark_catalog.demo_pauldefusco.merchants_skewed(92)"
1,2,2,0,176142,"Exchange(80),Filter(82),ColumnarToRow(83),WholeStageCodegen (3)(81),Scan parquet spark_catalog.demo_pauldefusco.accounts_skewed(84)"
1,5,5,0,175555,"Exchange(104),Filter(106),ColumnarToRow(107),WholeStageCodegen (6)(105),Scan parquet spark_catalog.demo_pauldefusco.calendar(108)"
1,1,1,0,170994,"Exchange(73),Filter(75),ColumnarToRow(76),WholeStageCodegen (2)(74),Scan parquet spark_catalog.demo_pauldefusco.customers_skewed(77)"
1,14,16,0,168876,"Exchange(60),SortMergeJoin(63),WholeStageCodegen (99)(61),Sort(65),Exchange(66),Sort(72),WholeStageCodegen (98)(71),Exchange(73)"
1,16,20,0,158458,"Exchange(73),Exchange(146),Exchange(526),SortMergeJoin(529),WholeStageCodegen (114)(527),Sort(531),Sort(533),WholeStageCodegen (113)(532)"
1,17,22,0,119971,"Exchange(153),Exchange(264),SortMergeJoin(267),WholeStageCodegen (117)(265),Sort(269),Exchange(270),Sort(277),WholeStageCodegen (116)(276)"
1,15,19,0,113805,"Exchange(140),SortMergeJoin(143),WholeStageCodegen (102)(141),Sort(145),Exchange(146),Sort(152),WholeStageCodegen (101)(151),Exchange(153)"
1,18,26,0,95619,"Exchange(54),SortMergeJoin(57),WholeStageCodegen (147)(55),Sort(59),WholeStageCodegen (145)(58),Exchange(60),Sort(79),Exchange(80)"
1,19,29,0,73021,"Exchange(134),SortMergeJoin(137),WholeStageCodegen (150)(135),Sort(139),WholeStageCodegen (148)(138),Exchange(140),Sort(160),Exchange(161)"
1,20,30,0,72063,"Exchange(80),Exchange(140),Exchange(327),SortMergeJoin(330),WholeStageCodegen (156)(328),Sort(332),WholeStageCodegen (154)(331),Sort(334)"
1,21,32,0,32205,"Exchange(161),Exchange(520),SortMergeJoin(523),WholeStageCodegen (162)(521),Sort(525),WholeStageCodegen (160)(524),Exchange(526),Sort(535)"
1,23,36,0,28903,"Exchange(80),Exchange(264),Exchange(462),SortMergeJoin(465),WholeStageCodegen (186)(463),Sort(467),WholeStageCodegen (184)(466),Sort(469)"
1,22,35,0,26502,"Exchange(161),Exchange(258),SortMergeJoin(261),WholeStageCodegen (165)(259),Sort(263),WholeStageCodegen (163)(262),Exchange(264),Sort(279)"
1,24,41,0,21733,"Exchange(47),SortMergeJoin(50),WholeStageCodegen (195)(48),Sort(52),WholeStageCodegen (193)(51),Exchange(54),Sort(86),WholeStageCodegen (194)(85),Exchange(88)"
2,68,511,0,19678,"Exchange(63),Filter(65),ColumnarToRow(66),WholeStageCodegen (1)(64),Scan parquet spark_catalog.demo_pauldefusco.trs_v25(67)"
1,32,61,0,19526,"Exchange(40),SortMergeJoin(43),WholeStageCodegen (243)(41),Sort(45),WholeStageCodegen (241)(44),Exchange(47),Sort(94),WholeStageCodegen (242)(93),Exchange(96)"
2,74,517,0,18942,"Exchange(144),Filter(147),ColumnarToRow(148),WholeStageCodegen (7)(145),Scan parquet spark_catalog.demo_pauldefusco.trs_v25(149)"
1,33,65,0,18048,"Exchange(313),SortMergeJoin(316),WholeStageCodegen (246)(314),Sort(318),WholeStageCodegen (244)(317),Exchange(320),Sort(339),WholeStageCodegen (245)(338),Exchange(341)"
1,39,81,0,16870,"Exchange(341),Exchange(448),SortMergeJoin(451),WholeStageCodegen (288)(449),Sort(453),WholeStageCodegen (286)(452),Exchange(455),Sort(474),WholeStageCodegen (287)(473)"
2,76,519,0,16844,"Exchange(162),Filter(164),ColumnarToRow(165),WholeStageCodegen (10)(163),Scan parquet spark_catalog.demo_pauldefusco.merchants_skewed(166)"
2,79,522,0,16594,"Exchange(279),Filter(281),ColumnarToRow(282),WholeStageCodegen (29)(280),Scan parquet spark_catalog.demo_pauldefusco.branches_skewed(283)"
2,75,518,0,16587,"Exchange(154),Filter(156),ColumnarToRow(157),WholeStageCodegen (9)(155),Scan parquet spark_catalog.demo_pauldefusco.accounts_skewed(158)"
2,77,520,0,16570,"Exchange(170),Filter(172),ColumnarToRow(173),WholeStageCodegen (11)(171),Scan parquet spark_catalog.demo_pauldefusco.branches_skewed(174)"
2,78,521,0,16372,"Exchange(178),Filter(180),ColumnarToRow(181),WholeStageCodegen (12)(179),Scan parquet spark_catalog.demo_pauldefusco.calendar(182)"
2,81,527,0,15800,"Exchange(57),SortMergeJoin(60),WholeStageCodegen (144)(58),Sort(62),Exchange(63),Sort(69),WholeStageCodegen (143)(68),Exchange(70)"
1,55,160,0,15453,"Exchange(236),Exchange(435),SortMergeJoin(438),WholeStageCodegen (361)(436),Sort(440),WholeStageCodegen (359)(439),Exchange(441),Sort(480),HashAggregate(481),WholeStageCodegen (360)(479)"
1,34,68,0,15330,"Exchange(120),SortMergeJoin(123),WholeStageCodegen (252)(121),Sort(125),WholeStageCodegen (250)(124),Exchange(127),Sort(175),WholeStageCodegen (251)(174),Exchange(177)"
1,27,47,0,15091,"Exchange(88),Exchange(134),Exchange(217),SortMergeJoin(220),WholeStageCodegen (207)(218),Sort(222),WholeStageCodegen (205)(221),Sort(225),WholeStageCodegen (206)(224)"
1,26,46,0,13930,"Exchange(127),SortMergeJoin(130),WholeStageCodegen (204)(128),Sort(132),WholeStageCodegen (202)(131),Exchange(134),Sort(167),WholeStageCodegen (203)(166),Exchange(169)"
1,46,111,0,13713,"Exchange(104),Exchange(364),SortMergeJoin(367),WholeStageCodegen (327)(365),Sort(369),WholeStageCodegen (325)(368),Exchange(371),Sort(392),WholeStageCodegen (326)(391)"
1,44,104,0,13559,"Exchange(32),SortMergeJoin(36),WholeStageCodegen (318)(33),Sort(38),WholeStageCodegen (316)(37),Exchange(40),Sort(102),WholeStageCodegen (317)(101),Exchange(104)"
1,25,43,0,13333,"Exchange(88),Exchange(320),SortMergeJoin(323),WholeStageCodegen (198)(321),Sort(325),WholeStageCodegen (196)(324),Exchange(327),Sort(336),WholeStageCodegen (197)(335)"
1,28,50,0,13203,"Exchange(169),Exchange(513),SortMergeJoin(516),WholeStageCodegen (210)(514),Sort(518),WholeStageCodegen (208)(517),Exchange(520),Sort(537),WholeStageCodegen (209)(536)"
1,35,70,0,13084,"Exchange(177),Exchange(210),SortMergeJoin(213),WholeStageCodegen (255)(211),Sort(215),WholeStageCodegen (253)(214),Exchange(217),Sort(228),WholeStageCodegen (254)(227)"
1,45,108,0,12614,"Exchange(104),Exchange(306),SortMergeJoin(309),WholeStageCodegen (321)(307),Sort(311),WholeStageCodegen (319)(310),Exchange(313),Sort(347),WholeStageCodegen (320)(346)"
1,53,150,0,12376,"Exchange(364),Exchange(488),SortMergeJoin(491),WholeStageCodegen (357)(489),Sort(493),WholeStageCodegen (355)(492),Sort(495),HashAggregate(496),WholeStageCodegen (356)(494),Exchange(497)"
2,71,514,0,12310,"Exchange(86),Filter(88),ColumnarToRow(89),WholeStageCodegen (4)(87),Scan parquet spark_catalog.demo_pauldefusco.merchants_skewed(90)"
1,54,155,0,12290,"Exchange(192),HashAggregate(194),HashAggregate(195),Sort(196),WholeStageCodegen (358)(193),Exchange(197)"
2,70,513,0,12093,"Exchange(78),Filter(80),ColumnarToRow(81),WholeStageCodegen (3)(79),Scan parquet spark_catalog.demo_pauldefusco.accounts_skewed(82)"
2,95,578,0,12076,"Exchange(102),Exchange(244),SortMergeJoin(247),WholeStageCodegen (327)(245),Sort(249),WholeStageCodegen (325)(248),Exchange(251),Sort(285),WholeStageCodegen (326)(284)"
1,38,78,0,12055,"Exchange(177),Exchange(371),SortMergeJoin(374),WholeStageCodegen (279)(372),Sort(376),WholeStageCodegen (277)(375),Exchange(378),Sort(389),WholeStageCodegen (278)(388)"
2,72,515,0,11977,"Exchange(94),Filter(96),ColumnarToRow(97),WholeStageCodegen (5)(95),Scan parquet spark_catalog.demo_pauldefusco.branches_skewed(98)"
1,37,76,0,11855,"Exchange(177),Exchange(244),SortMergeJoin(247),WholeStageCodegen (261)(245),Sort(249),WholeStageCodegen (259)(248),Exchange(251),Sort(284),WholeStageCodegen (260)(283)"
1,30,53,0,11816,"Exchange(88),Exchange(258),Exchange(378),SortMergeJoin(381),WholeStageCodegen (219)(379),Sort(383),WholeStageCodegen (217)(382),Sort(386),WholeStageCodegen (218)(385)"
1,41,91,0,11396,"Exchange(104),Exchange(203),SortMergeJoin(206),WholeStageCodegen (294)(204),Sort(208),WholeStageCodegen (292)(207),Exchange(210),Sort(231),WholeStageCodegen (293)(230)"
1,31,55,0,11354,"Exchange(88),Exchange(455),SortMergeJoin(458),WholeStageCodegen (240)(456),Sort(460),WholeStageCodegen (238)(459),Exchange(462),Sort(471),WholeStageCodegen (239)(470)"
1,42,94,0,11322,"Exchange(112),HashAggregate(114),SortMergeJoin(116),WholeStageCodegen (297)(113),Sort(118),WholeStageCodegen (295)(117),Exchange(120),Sort(183),WholeStageCodegen (296)(182),Exchange(185)"
2,69,512,0,11183,"Exchange(70),Filter(73),ColumnarToRow(74),WholeStageCodegen (2)(71),Scan parquet spark_catalog.demo_pauldefusco.customers_skewed(75)"
1,36,74,0,11069,"Exchange(177),Exchange(506),SortMergeJoin(509),WholeStageCodegen (258)(507),Sort(511),WholeStageCodegen (256)(510),Exchange(513),Sort(540),WholeStageCodegen (257)(539)"
2,80,525,0,10952,"Exchange(70),Exchange(138),SortMergeJoin(141),WholeStageCodegen (99)(139),Sort(143),Exchange(144),Sort(151),WholeStageCodegen (98)(150)"
1,47,115,0,10813,"Exchange(104),Exchange(441),SortMergeJoin(444),WholeStageCodegen (336)(442),Sort(446),WholeStageCodegen (334)(445),Exchange(448),Sort(477),WholeStageCodegen (335)(476)"
1,29,52,0,10805,"Exchange(169),Exchange(251),SortMergeJoin(254),WholeStageCodegen (213)(252),Sort(256),WholeStageCodegen (211)(255),Exchange(258),Sort(281),WholeStageCodegen (212)(280)"
2,73,516,0,10789,"Exchange(102),Filter(104),ColumnarToRow(105),WholeStageCodegen (6)(103),Scan parquet spark_catalog.demo_pauldefusco.calendar(106)"
1,64,314,0,10622,"HashAggregate(8),HashAggregate(9),SortMergeJoin(11),WholeStageCodegen (385)(7),Sort(13),WholeStageCodegen (383)(12),Exchange(14),Sort(398),HashAggregate(399),HashAggregate(400),Sort(401),WholeStageCodegen (384)(397),Exchange(402)"
1,52,144,0,10474,"Exchange(236),Exchange(358),SortMergeJoin(361),WholeStageCodegen (351)(359),Sort(363),WholeStageCodegen (349)(362),Exchange(364),Sort(395),HashAggregate(396),WholeStageCodegen (350)(394)"
1,66,444,0,10013,"Exchange(6),HashAggregate(8),HashAggregate(9),SortMergeJoin(11),WholeStageCodegen (385)(7),Sort(13),WholeStageCodegen (383)(12),Exchange(14),Sort(398),HashAggregate(399),HashAggregate(400),Sort(401),WholeStageCodegen (384)(397),Exchange(402)"
1,51,140,0,9775,"Exchange(26),SortMergeJoin(29),WholeStageCodegen (348)(27),Sort(31),WholeStageCodegen (346)(30),Exchange(32),Sort(110),HashAggregate(111),WholeStageCodegen (347)(109),Exchange(112)"
2,96,585,0,8853,"Exchange(30),SortMergeJoin(33),WholeStageCodegen (336)(31),Sort(35),WholeStageCodegen (334)(34),Exchange(37),Sort(100),WholeStageCodegen (335)(99),Exchange(102)"
1,61,212,0,8786,"Exchange(429),SortMergeJoin(432),WholeStageCodegen (376)(430),Sort(434),WholeStageCodegen (374)(433),Exchange(435),Sort(483),WholeStageCodegen (375)(482),Exchange(484)"
1,40,87,0,8559,"Exchange(185),Exchange(497),HashAggregate(499),SortMergeJoin(502),WholeStageCodegen (291)(498),Sort(504),WholeStageCodegen (289)(503),Exchange(506),Sort(543),WholeStageCodegen (290)(542)"
1,62,233,0,8261,"Exchange(14),SortMergeJoin(17),WholeStageCodegen (379)(15),Sort(19),WholeStageCodegen (377)(18),Exchange(20),Sort(290),HashAggregate(291),HashAggregate(292),Sort(293),WholeStageCodegen (378)(289),Exchange(294)"
1,58,189,0,8249,"Exchange(20),SortMergeJoin(23),WholeStageCodegen (367)(21),Sort(25),WholeStageCodegen (365)(24),Exchange(26),Sort(191),WholeStageCodegen (366)(190),Exchange(192)"
1,43,97,0,8059,"Exchange(185),Exchange(236),HashAggregate(238),SortMergeJoin(240),WholeStageCodegen (300)(237),Sort(242),WholeStageCodegen (298)(241),Exchange(244),Sort(287),WholeStageCodegen (299)(286)"
2,92,564,0,8039,"Exchange(37),SortMergeJoin(40),WholeStageCodegen (288)(38),Sort(42),WholeStageCodegen (286)(41),Exchange(44),Sort(92),WholeStageCodegen (287)(91),Exchange(94)"
2,107,690,0,7930,"Exchange(3),HashAggregate(5),HashAggregate(6),HashAggregate(7),SortMergeJoin(9),WholeStageCodegen (385)(4),Sort(11),WholeStageCodegen (383)(10),Exchange(12),Sort(293),HashAggregate(294),HashAggregate(295),Sort(296),WholeStageCodegen (384)(292),Exchange(297)"
1,65,379,0,7849,"HashAggregate(8),HashAggregate(9),SortMergeJoin(11),WholeStageCodegen (385)(7),Sort(13),WholeStageCodegen (383)(12),Exchange(14),Sort(398),HashAggregate(399),HashAggregate(400),Sort(401),WholeStageCodegen (384)(397),Exchange(402)"
1,60,199,0,7600,"Exchange(354),Exchange(408),SortMergeJoin(411),WholeStageCodegen (373)(409),Sort(413),WholeStageCodegen (371)(412),Exchange(414),Sort(424),WholeStageCodegen (372)(423)"
2,90,554,0,7590,"Exchange(170),Exchange(202),SortMergeJoin(205),WholeStageCodegen (267)(203),Sort(207),WholeStageCodegen (265)(206),Exchange(209),Sort(220),WholeStageCodegen (266)(219)"
2,101,617,0,7489,"Exchange(110),Exchange(244),Exchange(309),SortMergeJoin(312),WholeStageCodegen (361)(310),Sort(314),WholeStageCodegen (359)(313),Sort(316),HashAggregate(317),WholeStageCodegen (360)(315)"
2,94,573,0,7376,"Exchange(102),Exchange(195),SortMergeJoin(198),WholeStageCodegen (315)(196),Sort(200),WholeStageCodegen (313)(199),Exchange(202),Sort(223),WholeStageCodegen (314)(222)"
2,91,558,0,7290,"Exchange(251),SortMergeJoin(254),WholeStageCodegen (279)(252),Sort(256),WholeStageCodegen (277)(255),Exchange(258),Sort(277),WholeStageCodegen (278)(276),Exchange(279)"
2,89,552,0,7248,"Exchange(118),SortMergeJoin(121),WholeStageCodegen (243)(119),Sort(123),WholeStageCodegen (241)(122),Exchange(125),Sort(168),WholeStageCodegen (242)(167),Exchange(170)"
2,93,569,1,6912,"Exchange(110),HashAggregate(112),SortMergeJoin(114),WholeStageCodegen (291)(111),Sort(116),WholeStageCodegen (289)(115),Exchange(118),Sort(176),WholeStageCodegen (290)(175),Exchange(178)"
2,83,533,0,6856,"Exchange(78),Exchange(138),Exchange(265),SortMergeJoin(268),WholeStageCodegen (156)(266),Sort(270),WholeStageCodegen (154)(269),Sort(272)"
1,50,128,0,6848,"Exchange(236),Exchange(306),Exchange(414),SortMergeJoin(417),WholeStageCodegen (345)(415),Sort(419),WholeStageCodegen (343)(418),Sort(421),HashAggregate(422),WholeStageCodegen (344)(420)"
2,102,631,0,6845,"Exchange(18),SortMergeJoin(21),WholeStageCodegen (367)(19),Sort(23),WholeStageCodegen (365)(22),Exchange(24),Sort(184),WholeStageCodegen (366)(183),Exchange(185)"
1,48,122,0,6670,"Exchange(197),SortMergeJoin(200),WholeStageCodegen (339)(198),Sort(202),WholeStageCodegen (337)(201),Exchange(203),Sort(234),HashAggregate(235),WholeStageCodegen (338)(233),Exchange(236)"
1,59,197,0,6147,"Exchange(294),SortMergeJoin(297),WholeStageCodegen (370)(295),Sort(299),WholeStageCodegen (368)(298),Exchange(300),Sort(353),WholeStageCodegen (369)(352),Exchange(354)"
1,67,510,0,5820,"Execute InsertIntoHadoopFsRelationCommand(1),Sort(4),WholeStageCodegen (386)(3),Exchange(6)"
2,87,544,0,5768,"Exchange(86),Exchange(258),SortMergeJoin(261),WholeStageCodegen (231)(259),Sort(263),WholeStageCodegen (229)(262),Exchange(265),Sort(274),WholeStageCodegen (230)(273)"
2,100,616,0,5722,"Exchange(110),Exchange(238),SortMergeJoin(241),WholeStageCodegen (358)(239),Sort(243),WholeStageCodegen (356)(242),Exchange(244),Sort(288),HashAggregate(289),WholeStageCodegen (357)(287)"
2,86,542,0,5519,"Exchange(86),Exchange(132),Exchange(209),SortMergeJoin(212),WholeStageCodegen (198)(210),Sort(214),WholeStageCodegen (196)(213),Sort(217),WholeStageCodegen (197)(216)"
1,56,162,0,5429,"Exchange(354),HashAggregate(356),HashAggregate(357),WholeStageCodegen (362)(355),Exchange(358)"
2,103,633,0,5392,"Exchange(185),Exchange(232),SortMergeJoin(235),WholeStageCodegen (370)(233),Sort(237),WholeStageCodegen (368)(236),Exchange(238),Sort(291),WholeStageCodegen (369)(290)"
2,85,540,0,5378,"Exchange(125),SortMergeJoin(128),WholeStageCodegen (195)(126),Sort(130),WholeStageCodegen (193)(129),Exchange(132),Sort(160),WholeStageCodegen (194)(159),Exchange(162)"
2,84,536,0,5201,"Exchange(51),SortMergeJoin(54),WholeStageCodegen (192)(52),Sort(56),WholeStageCodegen (190)(55),Exchange(57),Sort(77),Exchange(78)"
1,57,170,0,5169,"Exchange(484),HashAggregate(486),HashAggregate(487),WholeStageCodegen (364)(485),Exchange(488)"
1,49,127,0,4926,"Exchange(236),Exchange(300),SortMergeJoin(303),WholeStageCodegen (342)(301),Sort(305),WholeStageCodegen (340)(304),Exchange(306),Sort(350),HashAggregate(351),WholeStageCodegen (341)(349)"
2,82,531,0,4918,"Exchange(132),SortMergeJoin(135),WholeStageCodegen (147)(133),Sort(137),WholeStageCodegen (145)(136),Exchange(138),Sort(153),Exchange(154)"
2,98,605,0,4823,"Exchange(24),SortMergeJoin(27),WholeStageCodegen (351)(25),Sort(29),WholeStageCodegen (349)(28),Exchange(30),Sort(108),HashAggregate(109),WholeStageCodegen (350)(107),Exchange(110)"
2,103,633,1,4787,"Exchange(185),Exchange(232),SortMergeJoin(235),WholeStageCodegen (370)(233),Sort(237),WholeStageCodegen (368)(236),Exchange(238),Sort(291),WholeStageCodegen (369)(290)"
2,101,595,1,4681,"Exchange(110),HashAggregate(112),SortMergeJoin(114),WholeStageCodegen (291)(111),Sort(116),WholeStageCodegen (289)(115),Exchange(118),Sort(176),WholeStageCodegen (290)(175),Exchange(178)"
2,104,595,1,4681,"Exchange(110),HashAggregate(112),SortMergeJoin(114),WholeStageCodegen (291)(111),Sort(116),WholeStageCodegen (289)(115),Exchange(118),Sort(176),WholeStageCodegen (290)(175),Exchange(178)"
2,98,595,1,4681,"Exchange(110),HashAggregate(112),SortMergeJoin(114),WholeStageCodegen (291)(111),Sort(116),WholeStageCodegen (289)(115),Exchange(118),Sort(176),WholeStageCodegen (290)(175),Exchange(178)"
2,106,595,1,4681,"Exchange(110),HashAggregate(112),SortMergeJoin(114),WholeStageCodegen (291)(111),Sort(116),WholeStageCodegen (289)(115),Exchange(118),Sort(176),WholeStageCodegen (290)(175),Exchange(178)"
2,100,595,1,4681,"Exchange(110),HashAggregate(112),SortMergeJoin(114),WholeStageCodegen (291)(111),Sort(116),WholeStageCodegen (289)(115),Exchange(118),Sort(176),WholeStageCodegen (290)(175),Exchange(178)"
2,103,595,1,4681,"Exchange(110),HashAggregate(112),SortMergeJoin(114),WholeStageCodegen (291)(111),Sort(116),WholeStageCodegen (289)(115),Exchange(118),Sort(176),WholeStageCodegen (290)(175),Exchange(178)"
2,97,595,1,4681,"Exchange(110),HashAggregate(112),SortMergeJoin(114),WholeStageCodegen (291)(111),Sort(116),WholeStageCodegen (289)(115),Exchange(118),Sort(176),WholeStageCodegen (290)(175),Exchange(178)"
2,105,595,1,4681,"Exchange(110),HashAggregate(112),SortMergeJoin(114),WholeStageCodegen (291)(111),Sort(116),WholeStageCodegen (289)(115),Exchange(118),Sort(176),WholeStageCodegen (290)(175),Exchange(178)"
2,99,595,1,4681,"Exchange(110),HashAggregate(112),SortMergeJoin(114),WholeStageCodegen (291)(111),Sort(116),WholeStageCodegen (289)(115),Exchange(118),Sort(176),WholeStageCodegen (290)(175),Exchange(178)"
2,102,595,1,4681,"Exchange(110),HashAggregate(112),SortMergeJoin(114),WholeStageCodegen (291)(111),Sort(116),WholeStageCodegen (289)(115),Exchange(118),Sort(176),WholeStageCodegen (290)(175),Exchange(178)"
1,63,249,0,4650,"Exchange(402),SortMergeJoin(405),WholeStageCodegen (382)(403),Sort(407),WholeStageCodegen (380)(406),Exchange(408),Sort(426),HashAggregate(427),HashAggregate(428),WholeStageCodegen (381)(425),Exchange(429)"
2,104,635,1,4640,"Exchange(185),Exchange(303),SortMergeJoin(306),WholeStageCodegen (376)(304),Sort(308),WholeStageCodegen (374)(307),Exchange(309),Sort(319),WholeStageCodegen (375)(318)"
2,88,548,0,3967,"Exchange(44),SortMergeJoin(47),WholeStageCodegen (240)(45),Sort(49),WholeStageCodegen (238)(48),Exchange(51),Sort(84),WholeStageCodegen (239)(83),Exchange(86)"
2,105,637,0,3901,"Exchange(63),Filter(65),ColumnarToRow(66),WholeStageCodegen (1)(64),Scan parquet spark_catalog.demo_pauldefusco.trs_v25(67)"
2,105,647,0,3802,"Exchange(12),SortMergeJoin(15),WholeStageCodegen (379)(13),Sort(17),WholeStageCodegen (377)(16),Exchange(18),Sort(229),HashAggregate(230),HashAggregate(231),WholeStageCodegen (378)(228),Exchange(232)"
2,106,650,0,3464,"Exchange(232),Exchange(297),SortMergeJoin(300),WholeStageCodegen (382)(298),Sort(302),WholeStageCodegen (380)(301),Exchange(303),Sort(321),HashAggregate(322),HashAggregate(323),WholeStageCodegen (381)(320)"
2,97,597,0,3396,"Exchange(110),Exchange(189),SortMergeJoin(192),WholeStageCodegen (339)(190),Sort(194),WholeStageCodegen (337)(193),Exchange(195),Sort(226),HashAggregate(227),WholeStageCodegen (338)(225)"
2,93,569,0,3317,"Exchange(110),HashAggregate(112),SortMergeJoin(114),WholeStageCodegen (291)(111),Sort(116),WholeStageCodegen (289)(115),Exchange(118),Sort(176),WholeStageCodegen (290)(175),Exchange(178)"
2,99,610,0,3230,"Exchange(185),HashAggregate(187),HashAggregate(188),WholeStageCodegen (352)(186),Exchange(189)"
2,92,564,1,3057,"Exchange(37),SortMergeJoin(40),WholeStageCodegen (288)(38),Sort(42),WholeStageCodegen (286)(41),Exchange(44),Sort(92),WholeStageCodegen (287)(91),Exchange(94)"
2,92,560,0,3055,"Exchange(57),SortMergeJoin(60),WholeStageCodegen (144)(58),Sort(62),Exchange(63),Sort(69),WholeStageCodegen (143)(68),Exchange(70)"
2,105,638,0,3050,"Exchange(57),SortMergeJoin(60),WholeStageCodegen (144)(58),Sort(62),Exchange(63),Sort(69),WholeStageCodegen (143)(68),Exchange(70)"
2,92,559,0,2923,"Exchange(63),Filter(65),ColumnarToRow(66),WholeStageCodegen (1)(64),Scan parquet spark_catalog.demo_pauldefusco.trs_v25(67)"
2,101,528,0,2898,"Exchange(144),Filter(147),ColumnarToRow(148),WholeStageCodegen (7)(145),Scan parquet spark_catalog.demo_pauldefusco.trs_v25(149)"
2,83,528,0,2898,"Exchange(144),Filter(147),ColumnarToRow(148),WholeStageCodegen (7)(145),Scan parquet spark_catalog.demo_pauldefusco.trs_v25(149)"
2,95,528,0,2898,"Exchange(144),Filter(147),ColumnarToRow(148),WholeStageCodegen (7)(145),Scan parquet spark_catalog.demo_pauldefusco.trs_v25(149)"
2,104,528,0,2898,"Exchange(144),Filter(147),ColumnarToRow(148),WholeStageCodegen (7)(145),Scan parquet spark_catalog.demo_pauldefusco.trs_v25(149)"
2,86,528,0,2898,"Exchange(144),Filter(147),ColumnarToRow(148),WholeStageCodegen (7)(145),Scan parquet spark_catalog.demo_pauldefusco.trs_v25(149)"
2,89,528,0,2898,"Exchange(144),Filter(147),ColumnarToRow(148),WholeStageCodegen (7)(145),Scan parquet spark_catalog.demo_pauldefusco.trs_v25(149)"
2,98,528,0,2898,"Exchange(144),Filter(147),ColumnarToRow(148),WholeStageCodegen (7)(145),Scan parquet spark_catalog.demo_pauldefusco.trs_v25(149)"
2,106,528,0,2898,"Exchange(144),Filter(147),ColumnarToRow(148),WholeStageCodegen (7)(145),Scan parquet spark_catalog.demo_pauldefusco.trs_v25(149)"
2,100,528,0,2898,"Exchange(144),Filter(147),ColumnarToRow(148),WholeStageCodegen (7)(145),Scan parquet spark_catalog.demo_pauldefusco.trs_v25(149)"
2,91,528,0,2898,"Exchange(144),Filter(147),ColumnarToRow(148),WholeStageCodegen (7)(145),Scan parquet spark_catalog.demo_pauldefusco.trs_v25(149)"
2,82,528,0,2898,"Exchange(144),Filter(147),ColumnarToRow(148),WholeStageCodegen (7)(145),Scan parquet spark_catalog.demo_pauldefusco.trs_v25(149)"
2,94,528,0,2898,"Exchange(144),Filter(147),ColumnarToRow(148),WholeStageCodegen (7)(145),Scan parquet spark_catalog.demo_pauldefusco.trs_v25(149)"
2,85,528,0,2898,"Exchange(144),Filter(147),ColumnarToRow(148),WholeStageCodegen (7)(145),Scan parquet spark_catalog.demo_pauldefusco.trs_v25(149)"
2,103,528,0,2898,"Exchange(144),Filter(147),ColumnarToRow(148),WholeStageCodegen (7)(145),Scan parquet spark_catalog.demo_pauldefusco.trs_v25(149)"
2,97,528,0,2898,"Exchange(144),Filter(147),ColumnarToRow(148),WholeStageCodegen (7)(145),Scan parquet spark_catalog.demo_pauldefusco.trs_v25(149)"
2,87,528,0,2898,"Exchange(144),Filter(147),ColumnarToRow(148),WholeStageCodegen (7)(145),Scan parquet spark_catalog.demo_pauldefusco.trs_v25(149)"
2,105,528,0,2898,"Exchange(144),Filter(147),ColumnarToRow(148),WholeStageCodegen (7)(145),Scan parquet spark_catalog.demo_pauldefusco.trs_v25(149)"
2,105,642,0,2898,"Exchange(37),SortMergeJoin(40),WholeStageCodegen (288)(38),Sort(42),WholeStageCodegen (286)(41),Exchange(44),Sort(92),WholeStageCodegen (287)(91),Exchange(94)"
2,99,528,0,2898,"Exchange(144),Filter(147),ColumnarToRow(148),WholeStageCodegen (7)(145),Scan parquet spark_catalog.demo_pauldefusco.trs_v25(149)"
2,90,528,0,2898,"Exchange(144),Filter(147),ColumnarToRow(148),WholeStageCodegen (7)(145),Scan parquet spark_catalog.demo_pauldefusco.trs_v25(149)"
2,93,528,0,2898,"Exchange(144),Filter(147),ColumnarToRow(148),WholeStageCodegen (7)(145),Scan parquet spark_catalog.demo_pauldefusco.trs_v25(149)"
2,102,528,0,2898,"Exchange(144),Filter(147),ColumnarToRow(148),WholeStageCodegen (7)(145),Scan parquet spark_catalog.demo_pauldefusco.trs_v25(149)"
2,101,529,2,2858,"Exchange(70),Exchange(138),SortMergeJoin(141),WholeStageCodegen (99)(139),Sort(143),Exchange(144),Sort(151),WholeStageCodegen (98)(150)"
2,83,529,2,2858,"Exchange(70),Exchange(138),SortMergeJoin(141),WholeStageCodegen (99)(139),Sort(143),Exchange(144),Sort(151),WholeStageCodegen (98)(150)"
2,95,529,2,2858,"Exchange(70),Exchange(138),SortMergeJoin(141),WholeStageCodegen (99)(139),Sort(143),Exchange(144),Sort(151),WholeStageCodegen (98)(150)"
2,104,529,2,2858,"Exchange(70),Exchange(138),SortMergeJoin(141),WholeStageCodegen (99)(139),Sort(143),Exchange(144),Sort(151),WholeStageCodegen (98)(150)"
2,86,529,2,2858,"Exchange(70),Exchange(138),SortMergeJoin(141),WholeStageCodegen (99)(139),Sort(143),Exchange(144),Sort(151),WholeStageCodegen (98)(150)"
2,89,529,2,2858,"Exchange(70),Exchange(138),SortMergeJoin(141),WholeStageCodegen (99)(139),Sort(143),Exchange(144),Sort(151),WholeStageCodegen (98)(150)"
2,98,529,2,2858,"Exchange(70),Exchange(138),SortMergeJoin(141),WholeStageCodegen (99)(139),Sort(143),Exchange(144),Sort(151),WholeStageCodegen (98)(150)"
2,106,529,2,2858,"Exchange(70),Exchange(138),SortMergeJoin(141),WholeStageCodegen (99)(139),Sort(143),Exchange(144),Sort(151),WholeStageCodegen (98)(150)"
2,100,529,2,2858,"Exchange(70),Exchange(138),SortMergeJoin(141),WholeStageCodegen (99)(139),Sort(143),Exchange(144),Sort(151),WholeStageCodegen (98)(150)"
2,91,529,2,2858,"Exchange(70),Exchange(138),SortMergeJoin(141),WholeStageCodegen (99)(139),Sort(143),Exchange(144),Sort(151),WholeStageCodegen (98)(150)"
2,82,529,2,2858,"Exchange(70),Exchange(138),SortMergeJoin(141),WholeStageCodegen (99)(139),Sort(143),Exchange(144),Sort(151),WholeStageCodegen (98)(150)"
2,94,529,2,2858,"Exchange(70),Exchange(138),SortMergeJoin(141),WholeStageCodegen (99)(139),Sort(143),Exchange(144),Sort(151),WholeStageCodegen (98)(150)"
2,85,529,2,2858,"Exchange(70),Exchange(138),SortMergeJoin(141),WholeStageCodegen (99)(139),Sort(143),Exchange(144),Sort(151),WholeStageCodegen (98)(150)"
2,103,529,2,2858,"Exchange(70),Exchange(138),SortMergeJoin(141),WholeStageCodegen (99)(139),Sort(143),Exchange(144),Sort(151),WholeStageCodegen (98)(150)"
2,97,529,2,2858,"Exchange(70),Exchange(138),SortMergeJoin(141),WholeStageCodegen (99)(139),Sort(143),Exchange(144),Sort(151),WholeStageCodegen (98)(150)"
2,87,529,2,2858,"Exchange(70),Exchange(138),SortMergeJoin(141),WholeStageCodegen (99)(139),Sort(143),Exchange(144),Sort(151),WholeStageCodegen (98)(150)"
2,105,529,2,2858,"Exchange(70),Exchange(138),SortMergeJoin(141),WholeStageCodegen (99)(139),Sort(143),Exchange(144),Sort(151),WholeStageCodegen (98)(150)"
2,99,529,2,2858,"Exchange(70),Exchange(138),SortMergeJoin(141),WholeStageCodegen (99)(139),Sort(143),Exchange(144),Sort(151),WholeStageCodegen (98)(150)"
2,90,529,2,2858,"Exchange(70),Exchange(138),SortMergeJoin(141),WholeStageCodegen (99)(139),Sort(143),Exchange(144),Sort(151),WholeStageCodegen (98)(150)"
2,93,529,2,2858,"Exchange(70),Exchange(138),SortMergeJoin(141),WholeStageCodegen (99)(139),Sort(143),Exchange(144),Sort(151),WholeStageCodegen (98)(150)"
2,102,529,2,2858,"Exchange(70),Exchange(138),SortMergeJoin(141),WholeStageCodegen (99)(139),Sort(143),Exchange(144),Sort(151),WholeStageCodegen (98)(150)"
2,101,528,2,2841,"Exchange(144),Filter(147),ColumnarToRow(148),WholeStageCodegen (7)(145),Scan parquet spark_catalog.demo_pauldefusco.trs_v25(149)"
2,83,528,2,2841,"Exchange(144),Filter(147),ColumnarToRow(148),WholeStageCodegen (7)(145),Scan parquet spark_catalog.demo_pauldefusco.trs_v25(149)"
2,95,528,2,2841,"Exchange(144),Filter(147),ColumnarToRow(148),WholeStageCodegen (7)(145),Scan parquet spark_catalog.demo_pauldefusco.trs_v25(149)"
2,104,528,2,2841,"Exchange(144),Filter(147),ColumnarToRow(148),WholeStageCodegen (7)(145),Scan parquet spark_catalog.demo_pauldefusco.trs_v25(149)"
2,86,528,2,2841,"Exchange(144),Filter(147),ColumnarToRow(148),WholeStageCodegen (7)(145),Scan parquet spark_catalog.demo_pauldefusco.trs_v25(149)"
2,89,528,2,2841,"Exchange(144),Filter(147),ColumnarToRow(148),WholeStageCodegen (7)(145),Scan parquet spark_catalog.demo_pauldefusco.trs_v25(149)"
2,98,528,2,2841,"Exchange(144),Filter(147),ColumnarToRow(148),WholeStageCodegen (7)(145),Scan parquet spark_catalog.demo_pauldefusco.trs_v25(149)"
2,106,528,2,2841,"Exchange(144),Filter(147),ColumnarToRow(148),WholeStageCodegen (7)(145),Scan parquet spark_catalog.demo_pauldefusco.trs_v25(149)"
2,100,528,2,2841,"Exchange(144),Filter(147),ColumnarToRow(148),WholeStageCodegen (7)(145),Scan parquet spark_catalog.demo_pauldefusco.trs_v25(149)"
2,91,528,2,2841,"Exchange(144),Filter(147),ColumnarToRow(148),WholeStageCodegen (7)(145),Scan parquet spark_catalog.demo_pauldefusco.trs_v25(149)"
2,82,528,2,2841,"Exchange(144),Filter(147),ColumnarToRow(148),WholeStageCodegen (7)(145),Scan parquet spark_catalog.demo_pauldefusco.trs_v25(149)"
2,94,528,2,2841,"Exchange(144),Filter(147),ColumnarToRow(148),WholeStageCodegen (7)(145),Scan parquet spark_catalog.demo_pauldefusco.trs_v25(149)"
2,85,528,2,2841,"Exchange(144),Filter(147),ColumnarToRow(148),WholeStageCodegen (7)(145),Scan parquet spark_catalog.demo_pauldefusco.trs_v25(149)"
2,103,528,2,2841,"Exchange(144),Filter(147),ColumnarToRow(148),WholeStageCodegen (7)(145),Scan parquet spark_catalog.demo_pauldefusco.trs_v25(149)"
2,97,528,2,2841,"Exchange(144),Filter(147),ColumnarToRow(148),WholeStageCodegen (7)(145),Scan parquet spark_catalog.demo_pauldefusco.trs_v25(149)"
2,87,528,2,2841,"Exchange(144),Filter(147),ColumnarToRow(148),WholeStageCodegen (7)(145),Scan parquet spark_catalog.demo_pauldefusco.trs_v25(149)"
2,105,528,2,2841,"Exchange(144),Filter(147),ColumnarToRow(148),WholeStageCodegen (7)(145),Scan parquet spark_catalog.demo_pauldefusco.trs_v25(149)"
2,99,528,2,2841,"Exchange(144),Filter(147),ColumnarToRow(148),WholeStageCodegen (7)(145),Scan parquet spark_catalog.demo_pauldefusco.trs_v25(149)"
2,90,528,2,2841,"Exchange(144),Filter(147),ColumnarToRow(148),WholeStageCodegen (7)(145),Scan parquet spark_catalog.demo_pauldefusco.trs_v25(149)"
2,93,528,2,2841,"Exchange(144),Filter(147),ColumnarToRow(148),WholeStageCodegen (7)(145),Scan parquet spark_catalog.demo_pauldefusco.trs_v25(149)"
2,102,528,2,2841,"Exchange(144),Filter(147),ColumnarToRow(148),WholeStageCodegen (7)(145),Scan parquet spark_catalog.demo_pauldefusco.trs_v25(149)"
2,91,558,1,2792,"Exchange(251),SortMergeJoin(254),WholeStageCodegen (279)(252),Sort(256),WholeStageCodegen (277)(255),Exchange(258),Sort(277),WholeStageCodegen (278)(276),Exchange(279)"
2,101,528,1,2758,"Exchange(144),Filter(147),ColumnarToRow(148),WholeStageCodegen (7)(145),Scan parquet spark_catalog.demo_pauldefusco.trs_v25(149)"
2,83,528,1,2758,"Exchange(144),Filter(147),ColumnarToRow(148),WholeStageCodegen (7)(145),Scan parquet spark_catalog.demo_pauldefusco.trs_v25(149)"
2,95,528,1,2758,"Exchange(144),Filter(147),ColumnarToRow(148),WholeStageCodegen (7)(145),Scan parquet spark_catalog.demo_pauldefusco.trs_v25(149)"
2,104,528,1,2758,"Exchange(144),Filter(147),ColumnarToRow(148),WholeStageCodegen (7)(145),Scan parquet spark_catalog.demo_pauldefusco.trs_v25(149)"
2,86,528,1,2758,"Exchange(144),Filter(147),ColumnarToRow(148),WholeStageCodegen (7)(145),Scan parquet spark_catalog.demo_pauldefusco.trs_v25(149)"
2,89,528,1,2758,"Exchange(144),Filter(147),ColumnarToRow(148),WholeStageCodegen (7)(145),Scan parquet spark_catalog.demo_pauldefusco.trs_v25(149)"
2,98,528,1,2758,"Exchange(144),Filter(147),ColumnarToRow(148),WholeStageCodegen (7)(145),Scan parquet spark_catalog.demo_pauldefusco.trs_v25(149)"
2,106,528,1,2758,"Exchange(144),Filter(147),ColumnarToRow(148),WholeStageCodegen (7)(145),Scan parquet spark_catalog.demo_pauldefusco.trs_v25(149)"
2,100,528,1,2758,"Exchange(144),Filter(147),ColumnarToRow(148),WholeStageCodegen (7)(145),Scan parquet spark_catalog.demo_pauldefusco.trs_v25(149)"
2,91,528,1,2758,"Exchange(144),Filter(147),ColumnarToRow(148),WholeStageCodegen (7)(145),Scan parquet spark_catalog.demo_pauldefusco.trs_v25(149)"
2,82,528,1,2758,"Exchange(144),Filter(147),ColumnarToRow(148),WholeStageCodegen (7)(145),Scan parquet spark_catalog.demo_pauldefusco.trs_v25(149)"
2,94,528,1,2758,"Exchange(144),Filter(147),ColumnarToRow(148),WholeStageCodegen (7)(145),Scan parquet spark_catalog.demo_pauldefusco.trs_v25(149)"
2,85,528,1,2758,"Exchange(144),Filter(147),ColumnarToRow(148),WholeStageCodegen (7)(145),Scan parquet spark_catalog.demo_pauldefusco.trs_v25(149)"
2,103,528,1,2758,"Exchange(144),Filter(147),ColumnarToRow(148),WholeStageCodegen (7)(145),Scan parquet spark_catalog.demo_pauldefusco.trs_v25(149)"
2,97,528,1,2758,"Exchange(144),Filter(147),ColumnarToRow(148),WholeStageCodegen (7)(145),Scan parquet spark_catalog.demo_pauldefusco.trs_v25(149)"
2,87,528,1,2758,"Exchange(144),Filter(147),ColumnarToRow(148),WholeStageCodegen (7)(145),Scan parquet spark_catalog.demo_pauldefusco.trs_v25(149)"
2,105,528,1,2758,"Exchange(144),Filter(147),ColumnarToRow(148),WholeStageCodegen (7)(145),Scan parquet spark_catalog.demo_pauldefusco.trs_v25(149)"
2,99,528,1,2758,"Exchange(144),Filter(147),ColumnarToRow(148),WholeStageCodegen (7)(145),Scan parquet spark_catalog.demo_pauldefusco.trs_v25(149)"
2,90,528,1,2758,"Exchange(144),Filter(147),ColumnarToRow(148),WholeStageCodegen (7)(145),Scan parquet spark_catalog.demo_pauldefusco.trs_v25(149)"
2,93,528,1,2758,"Exchange(144),Filter(147),ColumnarToRow(148),WholeStageCodegen (7)(145),Scan parquet spark_catalog.demo_pauldefusco.trs_v25(149)"
2,102,528,1,2758,"Exchange(144),Filter(147),ColumnarToRow(148),WholeStageCodegen (7)(145),Scan parquet spark_catalog.demo_pauldefusco.trs_v25(149)"
2,101,529,1,2731,"Exchange(70),Exchange(138),SortMergeJoin(141),WholeStageCodegen (99)(139),Sort(143),Exchange(144),Sort(151),WholeStageCodegen (98)(150)"
2,83,529,1,2731,"Exchange(70),Exchange(138),SortMergeJoin(141),WholeStageCodegen (99)(139),Sort(143),Exchange(144),Sort(151),WholeStageCodegen (98)(150)"
2,95,529,1,2731,"Exchange(70),Exchange(138),SortMergeJoin(141),WholeStageCodegen (99)(139),Sort(143),Exchange(144),Sort(151),WholeStageCodegen (98)(150)"
2,104,529,1,2731,"Exchange(70),Exchange(138),SortMergeJoin(141),WholeStageCodegen (99)(139),Sort(143),Exchange(144),Sort(151),WholeStageCodegen (98)(150)"
2,86,529,1,2731,"Exchange(70),Exchange(138),SortMergeJoin(141),WholeStageCodegen (99)(139),Sort(143),Exchange(144),Sort(151),WholeStageCodegen (98)(150)"
2,89,529,1,2731,"Exchange(70),Exchange(138),SortMergeJoin(141),WholeStageCodegen (99)(139),Sort(143),Exchange(144),Sort(151),WholeStageCodegen (98)(150)"
2,98,529,1,2731,"Exchange(70),Exchange(138),SortMergeJoin(141),WholeStageCodegen (99)(139),Sort(143),Exchange(144),Sort(151),WholeStageCodegen (98)(150)"
2,106,529,1,2731,"Exchange(70),Exchange(138),SortMergeJoin(141),WholeStageCodegen (99)(139),Sort(143),Exchange(144),Sort(151),WholeStageCodegen (98)(150)"
2,100,529,1,2731,"Exchange(70),Exchange(138),SortMergeJoin(141),WholeStageCodegen (99)(139),Sort(143),Exchange(144),Sort(151),WholeStageCodegen (98)(150)"
2,91,529,1,2731,"Exchange(70),Exchange(138),SortMergeJoin(141),WholeStageCodegen (99)(139),Sort(143),Exchange(144),Sort(151),WholeStageCodegen (98)(150)"
2,82,529,1,2731,"Exchange(70),Exchange(138),SortMergeJoin(141),WholeStageCodegen (99)(139),Sort(143),Exchange(144),Sort(151),WholeStageCodegen (98)(150)"
2,94,529,1,2731,"Exchange(70),Exchange(138),SortMergeJoin(141),WholeStageCodegen (99)(139),Sort(143),Exchange(144),Sort(151),WholeStageCodegen (98)(150)"
2,85,529,1,2731,"Exchange(70),Exchange(138),SortMergeJoin(141),WholeStageCodegen (99)(139),Sort(143),Exchange(144),Sort(151),WholeStageCodegen (98)(150)"
2,103,529,1,2731,"Exchange(70),Exchange(138),SortMergeJoin(141),WholeStageCodegen (99)(139),Sort(143),Exchange(144),Sort(151),WholeStageCodegen (98)(150)"
2,97,529,1,2731,"Exchange(70),Exchange(138),SortMergeJoin(141),WholeStageCodegen (99)(139),Sort(143),Exchange(144),Sort(151),WholeStageCodegen (98)(150)"
2,87,529,1,2731,"Exchange(70),Exchange(138),SortMergeJoin(141),WholeStageCodegen (99)(139),Sort(143),Exchange(144),Sort(151),WholeStageCodegen (98)(150)"
2,105,529,1,2731,"Exchange(70),Exchange(138),SortMergeJoin(141),WholeStageCodegen (99)(139),Sort(143),Exchange(144),Sort(151),WholeStageCodegen (98)(150)"
2,99,529,1,2731,"Exchange(70),Exchange(138),SortMergeJoin(141),WholeStageCodegen (99)(139),Sort(143),Exchange(144),Sort(151),WholeStageCodegen (98)(150)"
2,90,529,1,2731,"Exchange(70),Exchange(138),SortMergeJoin(141),WholeStageCodegen (99)(139),Sort(143),Exchange(144),Sort(151),WholeStageCodegen (98)(150)"
2,93,529,1,2731,"Exchange(70),Exchange(138),SortMergeJoin(141),WholeStageCodegen (99)(139),Sort(143),Exchange(144),Sort(151),WholeStageCodegen (98)(150)"
2,102,529,1,2731,"Exchange(70),Exchange(138),SortMergeJoin(141),WholeStageCodegen (99)(139),Sort(143),Exchange(144),Sort(151),WholeStageCodegen (98)(150)"
2,90,554,1,2458,"Exchange(170),Exchange(202),SortMergeJoin(205),WholeStageCodegen (267)(203),Sort(207),WholeStageCodegen (265)(206),Exchange(209),Sort(220),WholeStageCodegen (266)(219)"
2,104,635,0,1958,"Exchange(185),Exchange(303),SortMergeJoin(306),WholeStageCodegen (376)(304),Sort(308),WholeStageCodegen (374)(307),Exchange(309),Sort(319),WholeStageCodegen (375)(318)"
2,93,567,1,1869,"Exchange(118),SortMergeJoin(121),WholeStageCodegen (243)(119),Sort(123),WholeStageCodegen (241)(122),Exchange(125),Sort(168),WholeStageCodegen (242)(167),Exchange(170)"
2,105,643,0,1615,"Exchange(30),SortMergeJoin(33),WholeStageCodegen (336)(31),Sort(35),WholeStageCodegen (334)(34),Exchange(37),Sort(100),WholeStageCodegen (335)(99),Exchange(102)"
2,105,639,0,1362,"Exchange(51),SortMergeJoin(54),WholeStageCodegen (192)(52),Sort(56),WholeStageCodegen (190)(55),Exchange(57),Sort(77),Exchange(78)"
2,92,561,0,1347,"Exchange(51),SortMergeJoin(54),WholeStageCodegen (192)(52),Sort(56),WholeStageCodegen (190)(55),Exchange(57),Sort(77),Exchange(78)"
2,105,644,0,1336,"Exchange(24),SortMergeJoin(27),WholeStageCodegen (351)(25),Sort(29),WholeStageCodegen (349)(28),Exchange(30),Sort(108),HashAggregate(109),WholeStageCodegen (350)(107),Exchange(110)"
2,86,538,1,1311,"Exchange(132),SortMergeJoin(135),WholeStageCodegen (147)(133),Sort(137),WholeStageCodegen (145)(136),Exchange(138),Sort(153),Exchange(154)"
2,89,538,1,1311,"Exchange(132),SortMergeJoin(135),WholeStageCodegen (147)(133),Sort(137),WholeStageCodegen (145)(136),Exchange(138),Sort(153),Exchange(154)"
2,94,538,1,1311,"Exchange(132),SortMergeJoin(135),WholeStageCodegen (147)(133),Sort(137),WholeStageCodegen (145)(136),Exchange(138),Sort(153),Exchange(154)"
2,85,538,1,1311,"Exchange(132),SortMergeJoin(135),WholeStageCodegen (147)(133),Sort(137),WholeStageCodegen (145)(136),Exchange(138),Sort(153),Exchange(154)"
2,90,538,1,1311,"Exchange(132),SortMergeJoin(135),WholeStageCodegen (147)(133),Sort(137),WholeStageCodegen (145)(136),Exchange(138),Sort(153),Exchange(154)"
2,93,538,1,1311,"Exchange(132),SortMergeJoin(135),WholeStageCodegen (147)(133),Sort(137),WholeStageCodegen (145)(136),Exchange(138),Sort(153),Exchange(154)"
2,105,645,0,1260,"Exchange(18),SortMergeJoin(21),WholeStageCodegen (367)(19),Sort(23),WholeStageCodegen (365)(22),Exchange(24),Sort(184),WholeStageCodegen (366)(183),Exchange(185)"
2,91,555,0,1234,"Exchange(78),Exchange(138),Exchange(265),SortMergeJoin(268),WholeStageCodegen (156)(266),Sort(270),WholeStageCodegen (154)(269),Sort(272)"
2,101,587,0,1228,"Exchange(132),SortMergeJoin(135),WholeStageCodegen (147)(133),Sort(137),WholeStageCodegen (145)(136),Exchange(138),Sort(153),Exchange(154)"
2,104,587,0,1228,"Exchange(132),SortMergeJoin(135),WholeStageCodegen (147)(133),Sort(137),WholeStageCodegen (145)(136),Exchange(138),Sort(153),Exchange(154)"
2,98,587,0,1228,"Exchange(132),SortMergeJoin(135),WholeStageCodegen (147)(133),Sort(137),WholeStageCodegen (145)(136),Exchange(138),Sort(153),Exchange(154)"
2,106,587,0,1228,"Exchange(132),SortMergeJoin(135),WholeStageCodegen (147)(133),Sort(137),WholeStageCodegen (145)(136),Exchange(138),Sort(153),Exchange(154)"
2,100,587,0,1228,"Exchange(132),SortMergeJoin(135),WholeStageCodegen (147)(133),Sort(137),WholeStageCodegen (145)(136),Exchange(138),Sort(153),Exchange(154)"
2,103,587,0,1228,"Exchange(132),SortMergeJoin(135),WholeStageCodegen (147)(133),Sort(137),WholeStageCodegen (145)(136),Exchange(138),Sort(153),Exchange(154)"
2,97,587,0,1228,"Exchange(132),SortMergeJoin(135),WholeStageCodegen (147)(133),Sort(137),WholeStageCodegen (145)(136),Exchange(138),Sort(153),Exchange(154)"
2,105,587,0,1228,"Exchange(132),SortMergeJoin(135),WholeStageCodegen (147)(133),Sort(137),WholeStageCodegen (145)(136),Exchange(138),Sort(153),Exchange(154)"
2,99,587,0,1228,"Exchange(132),SortMergeJoin(135),WholeStageCodegen (147)(133),Sort(137),WholeStageCodegen (145)(136),Exchange(138),Sort(153),Exchange(154)"
2,102,587,0,1228,"Exchange(132),SortMergeJoin(135),WholeStageCodegen (147)(133),Sort(137),WholeStageCodegen (145)(136),Exchange(138),Sort(153),Exchange(154)"
2,104,634,1,1158,"Exchange(110),Exchange(244),Exchange(309),SortMergeJoin(312),WholeStageCodegen (361)(310),Sort(314),WholeStageCodegen (359)(313),Sort(316),HashAggregate(317),WholeStageCodegen (360)(315)"
2,103,632,1,1124,"Exchange(110),Exchange(238),SortMergeJoin(241),WholeStageCodegen (358)(239),Sort(243),WholeStageCodegen (356)(242),Exchange(244),Sort(288),HashAggregate(289),WholeStageCodegen (357)(287)"
2,105,641,0,1016,"Exchange(44),SortMergeJoin(47),WholeStageCodegen (240)(45),Sort(49),WholeStageCodegen (238)(48),Exchange(51),Sort(84),WholeStageCodegen (239)(83),Exchange(86)"
2,92,541,3,965,"Exchange(86),Filter(88),ColumnarToRow(89),WholeStageCodegen (4)(87),Scan parquet spark_catalog.demo_pauldefusco.merchants_skewed(90)"
2,101,541,3,965,"Exchange(86),Filter(88),ColumnarToRow(89),WholeStageCodegen (4)(87),Scan parquet spark_catalog.demo_pauldefusco.merchants_skewed(90)"
2,95,541,3,965,"Exchange(86),Filter(88),ColumnarToRow(89),WholeStageCodegen (4)(87),Scan parquet spark_catalog.demo_pauldefusco.merchants_skewed(90)"
2,104,541,3,965,"Exchange(86),Filter(88),ColumnarToRow(89),WholeStageCodegen (4)(87),Scan parquet spark_catalog.demo_pauldefusco.merchants_skewed(90)"
2,86,541,3,965,"Exchange(86),Filter(88),ColumnarToRow(89),WholeStageCodegen (4)(87),Scan parquet spark_catalog.demo_pauldefusco.merchants_skewed(90)"
2,98,541,3,965,"Exchange(86),Filter(88),ColumnarToRow(89),WholeStageCodegen (4)(87),Scan parquet spark_catalog.demo_pauldefusco.merchants_skewed(90)"
2,106,541,3,965,"Exchange(86),Filter(88),ColumnarToRow(89),WholeStageCodegen (4)(87),Scan parquet spark_catalog.demo_pauldefusco.merchants_skewed(90)"
2,100,541,3,965,"Exchange(86),Filter(88),ColumnarToRow(89),WholeStageCodegen (4)(87),Scan parquet spark_catalog.demo_pauldefusco.merchants_skewed(90)"
2,91,541,3,965,"Exchange(86),Filter(88),ColumnarToRow(89),WholeStageCodegen (4)(87),Scan parquet spark_catalog.demo_pauldefusco.merchants_skewed(90)"
2,94,541,3,965,"Exchange(86),Filter(88),ColumnarToRow(89),WholeStageCodegen (4)(87),Scan parquet spark_catalog.demo_pauldefusco.merchants_skewed(90)"
2,103,541,3,965,"Exchange(86),Filter(88),ColumnarToRow(89),WholeStageCodegen (4)(87),Scan parquet spark_catalog.demo_pauldefusco.merchants_skewed(90)"
2,97,541,3,965,"Exchange(86),Filter(88),ColumnarToRow(89),WholeStageCodegen (4)(87),Scan parquet spark_catalog.demo_pauldefusco.merchants_skewed(90)"
2,88,541,3,965,"Exchange(86),Filter(88),ColumnarToRow(89),WholeStageCodegen (4)(87),Scan parquet spark_catalog.demo_pauldefusco.merchants_skewed(90)"
2,87,541,3,965,"Exchange(86),Filter(88),ColumnarToRow(89),WholeStageCodegen (4)(87),Scan parquet spark_catalog.demo_pauldefusco.merchants_skewed(90)"
2,96,541,3,965,"Exchange(86),Filter(88),ColumnarToRow(89),WholeStageCodegen (4)(87),Scan parquet spark_catalog.demo_pauldefusco.merchants_skewed(90)"
2,105,541,3,965,"Exchange(86),Filter(88),ColumnarToRow(89),WholeStageCodegen (4)(87),Scan parquet spark_catalog.demo_pauldefusco.merchants_skewed(90)"
2,99,541,3,965,"Exchange(86),Filter(88),ColumnarToRow(89),WholeStageCodegen (4)(87),Scan parquet spark_catalog.demo_pauldefusco.merchants_skewed(90)"
2,90,541,3,965,"Exchange(86),Filter(88),ColumnarToRow(89),WholeStageCodegen (4)(87),Scan parquet spark_catalog.demo_pauldefusco.merchants_skewed(90)"
2,102,541,3,965,"Exchange(86),Filter(88),ColumnarToRow(89),WholeStageCodegen (4)(87),Scan parquet spark_catalog.demo_pauldefusco.merchants_skewed(90)"
2,92,532,2,962,"Exchange(78),Filter(80),ColumnarToRow(81),WholeStageCodegen (3)(79),Scan parquet spark_catalog.demo_pauldefusco.accounts_skewed(82)"
2,101,532,2,962,"Exchange(78),Filter(80),ColumnarToRow(81),WholeStageCodegen (3)(79),Scan parquet spark_catalog.demo_pauldefusco.accounts_skewed(82)"
2,83,532,2,962,"Exchange(78),Filter(80),ColumnarToRow(81),WholeStageCodegen (3)(79),Scan parquet spark_catalog.demo_pauldefusco.accounts_skewed(82)"
2,95,532,2,962,"Exchange(78),Filter(80),ColumnarToRow(81),WholeStageCodegen (3)(79),Scan parquet spark_catalog.demo_pauldefusco.accounts_skewed(82)"
2,104,532,2,962,"Exchange(78),Filter(80),ColumnarToRow(81),WholeStageCodegen (3)(79),Scan parquet spark_catalog.demo_pauldefusco.accounts_skewed(82)"
2,98,532,2,962,"Exchange(78),Filter(80),ColumnarToRow(81),WholeStageCodegen (3)(79),Scan parquet spark_catalog.demo_pauldefusco.accounts_skewed(82)"
2,106,532,2,962,"Exchange(78),Filter(80),ColumnarToRow(81),WholeStageCodegen (3)(79),Scan parquet spark_catalog.demo_pauldefusco.accounts_skewed(82)"
2,100,532,2,962,"Exchange(78),Filter(80),ColumnarToRow(81),WholeStageCodegen (3)(79),Scan parquet spark_catalog.demo_pauldefusco.accounts_skewed(82)"
2,91,532,2,962,"Exchange(78),Filter(80),ColumnarToRow(81),WholeStageCodegen (3)(79),Scan parquet spark_catalog.demo_pauldefusco.accounts_skewed(82)"
2,103,532,2,962,"Exchange(78),Filter(80),ColumnarToRow(81),WholeStageCodegen (3)(79),Scan parquet spark_catalog.demo_pauldefusco.accounts_skewed(82)"
2,88,532,2,962,"Exchange(78),Filter(80),ColumnarToRow(81),WholeStageCodegen (3)(79),Scan parquet spark_catalog.demo_pauldefusco.accounts_skewed(82)"
2,87,532,2,962,"Exchange(78),Filter(80),ColumnarToRow(81),WholeStageCodegen (3)(79),Scan parquet spark_catalog.demo_pauldefusco.accounts_skewed(82)"
2,96,532,2,962,"Exchange(78),Filter(80),ColumnarToRow(81),WholeStageCodegen (3)(79),Scan parquet spark_catalog.demo_pauldefusco.accounts_skewed(82)"
2,105,532,2,962,"Exchange(78),Filter(80),ColumnarToRow(81),WholeStageCodegen (3)(79),Scan parquet spark_catalog.demo_pauldefusco.accounts_skewed(82)"
2,84,532,2,962,"Exchange(78),Filter(80),ColumnarToRow(81),WholeStageCodegen (3)(79),Scan parquet spark_catalog.demo_pauldefusco.accounts_skewed(82)"
2,102,532,2,962,"Exchange(78),Filter(80),ColumnarToRow(81),WholeStageCodegen (3)(79),Scan parquet spark_catalog.demo_pauldefusco.accounts_skewed(82)"
2,91,556,1,960,"Exchange(86),Exchange(258),SortMergeJoin(261),WholeStageCodegen (231)(259),Sort(263),WholeStageCodegen (229)(262),Exchange(265),Sort(274),WholeStageCodegen (230)(273)"
2,101,593,0,903,"Exchange(118),SortMergeJoin(121),WholeStageCodegen (243)(119),Sort(123),WholeStageCodegen (241)(122),Exchange(125),Sort(168),WholeStageCodegen (242)(167),Exchange(170)"
2,104,593,0,903,"Exchange(118),SortMergeJoin(121),WholeStageCodegen (243)(119),Sort(123),WholeStageCodegen (241)(122),Exchange(125),Sort(168),WholeStageCodegen (242)(167),Exchange(170)"
2,98,593,0,903,"Exchange(118),SortMergeJoin(121),WholeStageCodegen (243)(119),Sort(123),WholeStageCodegen (241)(122),Exchange(125),Sort(168),WholeStageCodegen (242)(167),Exchange(170)"
2,106,593,0,903,"Exchange(118),SortMergeJoin(121),WholeStageCodegen (243)(119),Sort(123),WholeStageCodegen (241)(122),Exchange(125),Sort(168),WholeStageCodegen (242)(167),Exchange(170)"
2,100,593,0,903,"Exchange(118),SortMergeJoin(121),WholeStageCodegen (243)(119),Sort(123),WholeStageCodegen (241)(122),Exchange(125),Sort(168),WholeStageCodegen (242)(167),Exchange(170)"
2,103,593,0,903,"Exchange(118),SortMergeJoin(121),WholeStageCodegen (243)(119),Sort(123),WholeStageCodegen (241)(122),Exchange(125),Sort(168),WholeStageCodegen (242)(167),Exchange(170)"
2,97,593,0,903,"Exchange(118),SortMergeJoin(121),WholeStageCodegen (243)(119),Sort(123),WholeStageCodegen (241)(122),Exchange(125),Sort(168),WholeStageCodegen (242)(167),Exchange(170)"
2,105,593,0,903,"Exchange(118),SortMergeJoin(121),WholeStageCodegen (243)(119),Sort(123),WholeStageCodegen (241)(122),Exchange(125),Sort(168),WholeStageCodegen (242)(167),Exchange(170)"
2,99,593,0,903,"Exchange(118),SortMergeJoin(121),WholeStageCodegen (243)(119),Sort(123),WholeStageCodegen (241)(122),Exchange(125),Sort(168),WholeStageCodegen (242)(167),Exchange(170)"
2,102,593,0,903,"Exchange(118),SortMergeJoin(121),WholeStageCodegen (243)(119),Sort(123),WholeStageCodegen (241)(122),Exchange(125),Sort(168),WholeStageCodegen (242)(167),Exchange(170)"
2,101,615,1,882,"Exchange(102),Exchange(244),SortMergeJoin(247),WholeStageCodegen (327)(245),Sort(249),WholeStageCodegen (325)(248),Exchange(251),Sort(285),WholeStageCodegen (326)(284)"
2,104,615,1,882,"Exchange(102),Exchange(244),SortMergeJoin(247),WholeStageCodegen (327)(245),Sort(249),WholeStageCodegen (325)(248),Exchange(251),Sort(285),WholeStageCodegen (326)(284)"
2,106,615,1,882,"Exchange(102),Exchange(244),SortMergeJoin(247),WholeStageCodegen (327)(245),Sort(249),WholeStageCodegen (325)(248),Exchange(251),Sort(285),WholeStageCodegen (326)(284)"
2,100,615,1,882,"Exchange(102),Exchange(244),SortMergeJoin(247),WholeStageCodegen (327)(245),Sort(249),WholeStageCodegen (325)(248),Exchange(251),Sort(285),WholeStageCodegen (326)(284)"
2,103,615,1,882,"Exchange(102),Exchange(244),SortMergeJoin(247),WholeStageCodegen (327)(245),Sort(249),WholeStageCodegen (325)(248),Exchange(251),Sort(285),WholeStageCodegen (326)(284)"
2,105,615,1,882,"Exchange(102),Exchange(244),SortMergeJoin(247),WholeStageCodegen (327)(245),Sort(249),WholeStageCodegen (325)(248),Exchange(251),Sort(285),WholeStageCodegen (326)(284)"
2,92,563,1,730,"Exchange(44),SortMergeJoin(47),WholeStageCodegen (240)(45),Sort(49),WholeStageCodegen (238)(48),Exchange(51),Sort(84),WholeStageCodegen (239)(83),Exchange(86)"
2,90,553,1,723,"Exchange(86),Exchange(132),Exchange(209),SortMergeJoin(212),WholeStageCodegen (198)(210),Sort(214),WholeStageCodegen (196)(213),Sort(217),WholeStageCodegen (197)(216)"
2,101,592,0,661,"Exchange(125),SortMergeJoin(128),WholeStageCodegen (195)(126),Sort(130),WholeStageCodegen (193)(129),Exchange(132),Sort(160),WholeStageCodegen (194)(159),Exchange(162)"
2,104,592,0,661,"Exchange(125),SortMergeJoin(128),WholeStageCodegen (195)(126),Sort(130),WholeStageCodegen (193)(129),Exchange(132),Sort(160),WholeStageCodegen (194)(159),Exchange(162)"
2,98,592,0,661,"Exchange(125),SortMergeJoin(128),WholeStageCodegen (195)(126),Sort(130),WholeStageCodegen (193)(129),Exchange(132),Sort(160),WholeStageCodegen (194)(159),Exchange(162)"
2,106,592,0,661,"Exchange(125),SortMergeJoin(128),WholeStageCodegen (195)(126),Sort(130),WholeStageCodegen (193)(129),Exchange(132),Sort(160),WholeStageCodegen (194)(159),Exchange(162)"
2,100,592,0,661,"Exchange(125),SortMergeJoin(128),WholeStageCodegen (195)(126),Sort(130),WholeStageCodegen (193)(129),Exchange(132),Sort(160),WholeStageCodegen (194)(159),Exchange(162)"
2,103,592,0,661,"Exchange(125),SortMergeJoin(128),WholeStageCodegen (195)(126),Sort(130),WholeStageCodegen (193)(129),Exchange(132),Sort(160),WholeStageCodegen (194)(159),Exchange(162)"
2,97,592,0,661,"Exchange(125),SortMergeJoin(128),WholeStageCodegen (195)(126),Sort(130),WholeStageCodegen (193)(129),Exchange(132),Sort(160),WholeStageCodegen (194)(159),Exchange(162)"
2,105,592,0,661,"Exchange(125),SortMergeJoin(128),WholeStageCodegen (195)(126),Sort(130),WholeStageCodegen (193)(129),Exchange(132),Sort(160),WholeStageCodegen (194)(159),Exchange(162)"
2,99,592,0,661,"Exchange(125),SortMergeJoin(128),WholeStageCodegen (195)(126),Sort(130),WholeStageCodegen (193)(129),Exchange(132),Sort(160),WholeStageCodegen (194)(159),Exchange(162)"
2,102,592,0,661,"Exchange(125),SortMergeJoin(128),WholeStageCodegen (195)(126),Sort(130),WholeStageCodegen (193)(129),Exchange(132),Sort(160),WholeStageCodegen (194)(159),Exchange(162)"
2,93,566,0,623,"Exchange(125),SortMergeJoin(128),WholeStageCodegen (195)(126),Sort(130),WholeStageCodegen (193)(129),Exchange(132),Sort(160),WholeStageCodegen (194)(159),Exchange(162)"
2,92,523,2,611,"Exchange(70),Filter(73),ColumnarToRow(74),WholeStageCodegen (2)(71),Scan parquet spark_catalog.demo_pauldefusco.customers_skewed(75)"
2,101,523,2,611,"Exchange(70),Filter(73),ColumnarToRow(74),WholeStageCodegen (2)(71),Scan parquet spark_catalog.demo_pauldefusco.customers_skewed(75)"
2,83,523,2,611,"Exchange(70),Filter(73),ColumnarToRow(74),WholeStageCodegen (2)(71),Scan parquet spark_catalog.demo_pauldefusco.customers_skewed(75)"
2,95,523,2,611,"Exchange(70),Filter(73),ColumnarToRow(74),WholeStageCodegen (2)(71),Scan parquet spark_catalog.demo_pauldefusco.customers_skewed(75)"
2,104,523,2,611,"Exchange(70),Filter(73),ColumnarToRow(74),WholeStageCodegen (2)(71),Scan parquet spark_catalog.demo_pauldefusco.customers_skewed(75)"
2,86,523,2,611,"Exchange(70),Filter(73),ColumnarToRow(74),WholeStageCodegen (2)(71),Scan parquet spark_catalog.demo_pauldefusco.customers_skewed(75)"
2,80,523,2,611,"Exchange(70),Filter(73),ColumnarToRow(74),WholeStageCodegen (2)(71),Scan parquet spark_catalog.demo_pauldefusco.customers_skewed(75)"
2,89,523,2,611,"Exchange(70),Filter(73),ColumnarToRow(74),WholeStageCodegen (2)(71),Scan parquet spark_catalog.demo_pauldefusco.customers_skewed(75)"
2,98,523,2,611,"Exchange(70),Filter(73),ColumnarToRow(74),WholeStageCodegen (2)(71),Scan parquet spark_catalog.demo_pauldefusco.customers_skewed(75)"
2,106,523,2,611,"Exchange(70),Filter(73),ColumnarToRow(74),WholeStageCodegen (2)(71),Scan parquet spark_catalog.demo_pauldefusco.customers_skewed(75)"
2,100,523,2,611,"Exchange(70),Filter(73),ColumnarToRow(74),WholeStageCodegen (2)(71),Scan parquet spark_catalog.demo_pauldefusco.customers_skewed(75)"
2,91,523,2,611,"Exchange(70),Filter(73),ColumnarToRow(74),WholeStageCodegen (2)(71),Scan parquet spark_catalog.demo_pauldefusco.customers_skewed(75)"
2,82,523,2,611,"Exchange(70),Filter(73),ColumnarToRow(74),WholeStageCodegen (2)(71),Scan parquet spark_catalog.demo_pauldefusco.customers_skewed(75)"
2,94,523,2,611,"Exchange(70),Filter(73),ColumnarToRow(74),WholeStageCodegen (2)(71),Scan parquet spark_catalog.demo_pauldefusco.customers_skewed(75)"
2,85,523,2,611,"Exchange(70),Filter(73),ColumnarToRow(74),WholeStageCodegen (2)(71),Scan parquet spark_catalog.demo_pauldefusco.customers_skewed(75)"
2,103,523,2,611,"Exchange(70),Filter(73),ColumnarToRow(74),WholeStageCodegen (2)(71),Scan parquet spark_catalog.demo_pauldefusco.customers_skewed(75)"
2,97,523,2,611,"Exchange(70),Filter(73),ColumnarToRow(74),WholeStageCodegen (2)(71),Scan parquet spark_catalog.demo_pauldefusco.customers_skewed(75)"
2,88,523,2,611,"Exchange(70),Filter(73),ColumnarToRow(74),WholeStageCodegen (2)(71),Scan parquet spark_catalog.demo_pauldefusco.customers_skewed(75)"
2,87,523,2,611,"Exchange(70),Filter(73),ColumnarToRow(74),WholeStageCodegen (2)(71),Scan parquet spark_catalog.demo_pauldefusco.customers_skewed(75)"
2,96,523,2,611,"Exchange(70),Filter(73),ColumnarToRow(74),WholeStageCodegen (2)(71),Scan parquet spark_catalog.demo_pauldefusco.customers_skewed(75)"
2,105,523,2,611,"Exchange(70),Filter(73),ColumnarToRow(74),WholeStageCodegen (2)(71),Scan parquet spark_catalog.demo_pauldefusco.customers_skewed(75)"
2,99,523,2,611,"Exchange(70),Filter(73),ColumnarToRow(74),WholeStageCodegen (2)(71),Scan parquet spark_catalog.demo_pauldefusco.customers_skewed(75)"
2,90,523,2,611,"Exchange(70),Filter(73),ColumnarToRow(74),WholeStageCodegen (2)(71),Scan parquet spark_catalog.demo_pauldefusco.customers_skewed(75)"
2,81,523,2,611,"Exchange(70),Filter(73),ColumnarToRow(74),WholeStageCodegen (2)(71),Scan parquet spark_catalog.demo_pauldefusco.customers_skewed(75)"
2,84,523,2,611,"Exchange(70),Filter(73),ColumnarToRow(74),WholeStageCodegen (2)(71),Scan parquet spark_catalog.demo_pauldefusco.customers_skewed(75)"
2,93,523,2,611,"Exchange(70),Filter(73),ColumnarToRow(74),WholeStageCodegen (2)(71),Scan parquet spark_catalog.demo_pauldefusco.customers_skewed(75)"
2,102,523,2,611,"Exchange(70),Filter(73),ColumnarToRow(74),WholeStageCodegen (2)(71),Scan parquet spark_catalog.demo_pauldefusco.customers_skewed(75)"
2,86,537,0,556,"Exchange(154),Filter(156),ColumnarToRow(157),WholeStageCodegen (9)(155),Scan parquet spark_catalog.demo_pauldefusco.accounts_skewed(158)"
2,89,537,0,556,"Exchange(154),Filter(156),ColumnarToRow(157),WholeStageCodegen (9)(155),Scan parquet spark_catalog.demo_pauldefusco.accounts_skewed(158)"
2,94,537,0,556,"Exchange(154),Filter(156),ColumnarToRow(157),WholeStageCodegen (9)(155),Scan parquet spark_catalog.demo_pauldefusco.accounts_skewed(158)"
2,85,537,0,556,"Exchange(154),Filter(156),ColumnarToRow(157),WholeStageCodegen (9)(155),Scan parquet spark_catalog.demo_pauldefusco.accounts_skewed(158)"
2,90,537,0,556,"Exchange(154),Filter(156),ColumnarToRow(157),WholeStageCodegen (9)(155),Scan parquet spark_catalog.demo_pauldefusco.accounts_skewed(158)"
2,93,537,0,556,"Exchange(154),Filter(156),ColumnarToRow(157),WholeStageCodegen (9)(155),Scan parquet spark_catalog.demo_pauldefusco.accounts_skewed(158)"
2,92,523,1,554,"Exchange(70),Filter(73),ColumnarToRow(74),WholeStageCodegen (2)(71),Scan parquet spark_catalog.demo_pauldefusco.customers_skewed(75)"
2,101,523,1,554,"Exchange(70),Filter(73),ColumnarToRow(74),WholeStageCodegen (2)(71),Scan parquet spark_catalog.demo_pauldefusco.customers_skewed(75)"
2,83,523,1,554,"Exchange(70),Filter(73),ColumnarToRow(74),WholeStageCodegen (2)(71),Scan parquet spark_catalog.demo_pauldefusco.customers_skewed(75)"
2,95,523,1,554,"Exchange(70),Filter(73),ColumnarToRow(74),WholeStageCodegen (2)(71),Scan parquet spark_catalog.demo_pauldefusco.customers_skewed(75)"
2,104,523,1,554,"Exchange(70),Filter(73),ColumnarToRow(74),WholeStageCodegen (2)(71),Scan parquet spark_catalog.demo_pauldefusco.customers_skewed(75)"
2,86,523,1,554,"Exchange(70),Filter(73),ColumnarToRow(74),WholeStageCodegen (2)(71),Scan parquet spark_catalog.demo_pauldefusco.customers_skewed(75)"
2,80,523,1,554,"Exchange(70),Filter(73),ColumnarToRow(74),WholeStageCodegen (2)(71),Scan parquet spark_catalog.demo_pauldefusco.customers_skewed(75)"
2,89,523,1,554,"Exchange(70),Filter(73),ColumnarToRow(74),WholeStageCodegen (2)(71),Scan parquet spark_catalog.demo_pauldefusco.customers_skewed(75)"
2,98,523,1,554,"Exchange(70),Filter(73),ColumnarToRow(74),WholeStageCodegen (2)(71),Scan parquet spark_catalog.demo_pauldefusco.customers_skewed(75)"
2,106,523,1,554,"Exchange(70),Filter(73),ColumnarToRow(74),WholeStageCodegen (2)(71),Scan parquet spark_catalog.demo_pauldefusco.customers_skewed(75)"
2,100,523,1,554,"Exchange(70),Filter(73),ColumnarToRow(74),WholeStageCodegen (2)(71),Scan parquet spark_catalog.demo_pauldefusco.customers_skewed(75)"
2,91,523,1,554,"Exchange(70),Filter(73),ColumnarToRow(74),WholeStageCodegen (2)(71),Scan parquet spark_catalog.demo_pauldefusco.customers_skewed(75)"
2,82,523,1,554,"Exchange(70),Filter(73),ColumnarToRow(74),WholeStageCodegen (2)(71),Scan parquet spark_catalog.demo_pauldefusco.customers_skewed(75)"
2,94,523,1,554,"Exchange(70),Filter(73),ColumnarToRow(74),WholeStageCodegen (2)(71),Scan parquet spark_catalog.demo_pauldefusco.customers_skewed(75)"
2,85,523,1,554,"Exchange(70),Filter(73),ColumnarToRow(74),WholeStageCodegen (2)(71),Scan parquet spark_catalog.demo_pauldefusco.customers_skewed(75)"
2,103,523,1,554,"Exchange(70),Filter(73),ColumnarToRow(74),WholeStageCodegen (2)(71),Scan parquet spark_catalog.demo_pauldefusco.customers_skewed(75)"
2,97,523,1,554,"Exchange(70),Filter(73),ColumnarToRow(74),WholeStageCodegen (2)(71),Scan parquet spark_catalog.demo_pauldefusco.customers_skewed(75)"
2,88,523,1,554,"Exchange(70),Filter(73),ColumnarToRow(74),WholeStageCodegen (2)(71),Scan parquet spark_catalog.demo_pauldefusco.customers_skewed(75)"
2,87,523,1,554,"Exchange(70),Filter(73),ColumnarToRow(74),WholeStageCodegen (2)(71),Scan parquet spark_catalog.demo_pauldefusco.customers_skewed(75)"
2,96,523,1,554,"Exchange(70),Filter(73),ColumnarToRow(74),WholeStageCodegen (2)(71),Scan parquet spark_catalog.demo_pauldefusco.customers_skewed(75)"
2,105,523,1,554,"Exchange(70),Filter(73),ColumnarToRow(74),WholeStageCodegen (2)(71),Scan parquet spark_catalog.demo_pauldefusco.customers_skewed(75)"
2,99,523,1,554,"Exchange(70),Filter(73),ColumnarToRow(74),WholeStageCodegen (2)(71),Scan parquet spark_catalog.demo_pauldefusco.customers_skewed(75)"
2,90,523,1,554,"Exchange(70),Filter(73),ColumnarToRow(74),WholeStageCodegen (2)(71),Scan parquet spark_catalog.demo_pauldefusco.customers_skewed(75)"
2,81,523,1,554,"Exchange(70),Filter(73),ColumnarToRow(74),WholeStageCodegen (2)(71),Scan parquet spark_catalog.demo_pauldefusco.customers_skewed(75)"
2,84,523,1,554,"Exchange(70),Filter(73),ColumnarToRow(74),WholeStageCodegen (2)(71),Scan parquet spark_catalog.demo_pauldefusco.customers_skewed(75)"
2,93,523,1,554,"Exchange(70),Filter(73),ColumnarToRow(74),WholeStageCodegen (2)(71),Scan parquet spark_catalog.demo_pauldefusco.customers_skewed(75)"
2,102,523,1,554,"Exchange(70),Filter(73),ColumnarToRow(74),WholeStageCodegen (2)(71),Scan parquet spark_catalog.demo_pauldefusco.customers_skewed(75)"
2,92,541,1,510,"Exchange(86),Filter(88),ColumnarToRow(89),WholeStageCodegen (4)(87),Scan parquet spark_catalog.demo_pauldefusco.merchants_skewed(90)"
2,101,541,1,510,"Exchange(86),Filter(88),ColumnarToRow(89),WholeStageCodegen (4)(87),Scan parquet spark_catalog.demo_pauldefusco.merchants_skewed(90)"
2,95,541,1,510,"Exchange(86),Filter(88),ColumnarToRow(89),WholeStageCodegen (4)(87),Scan parquet spark_catalog.demo_pauldefusco.merchants_skewed(90)"
2,104,541,1,510,"Exchange(86),Filter(88),ColumnarToRow(89),WholeStageCodegen (4)(87),Scan parquet spark_catalog.demo_pauldefusco.merchants_skewed(90)"
2,86,541,1,510,"Exchange(86),Filter(88),ColumnarToRow(89),WholeStageCodegen (4)(87),Scan parquet spark_catalog.demo_pauldefusco.merchants_skewed(90)"
2,98,541,1,510,"Exchange(86),Filter(88),ColumnarToRow(89),WholeStageCodegen (4)(87),Scan parquet spark_catalog.demo_pauldefusco.merchants_skewed(90)"
2,106,541,1,510,"Exchange(86),Filter(88),ColumnarToRow(89),WholeStageCodegen (4)(87),Scan parquet spark_catalog.demo_pauldefusco.merchants_skewed(90)"
2,100,541,1,510,"Exchange(86),Filter(88),ColumnarToRow(89),WholeStageCodegen (4)(87),Scan parquet spark_catalog.demo_pauldefusco.merchants_skewed(90)"
2,91,541,1,510,"Exchange(86),Filter(88),ColumnarToRow(89),WholeStageCodegen (4)(87),Scan parquet spark_catalog.demo_pauldefusco.merchants_skewed(90)"
2,94,541,1,510,"Exchange(86),Filter(88),ColumnarToRow(89),WholeStageCodegen (4)(87),Scan parquet spark_catalog.demo_pauldefusco.merchants_skewed(90)"
2,103,541,1,510,"Exchange(86),Filter(88),ColumnarToRow(89),WholeStageCodegen (4)(87),Scan parquet spark_catalog.demo_pauldefusco.merchants_skewed(90)"
2,97,541,1,510,"Exchange(86),Filter(88),ColumnarToRow(89),WholeStageCodegen (4)(87),Scan parquet spark_catalog.demo_pauldefusco.merchants_skewed(90)"
2,88,541,1,510,"Exchange(86),Filter(88),ColumnarToRow(89),WholeStageCodegen (4)(87),Scan parquet spark_catalog.demo_pauldefusco.merchants_skewed(90)"
2,87,541,1,510,"Exchange(86),Filter(88),ColumnarToRow(89),WholeStageCodegen (4)(87),Scan parquet spark_catalog.demo_pauldefusco.merchants_skewed(90)"
2,96,541,1,510,"Exchange(86),Filter(88),ColumnarToRow(89),WholeStageCodegen (4)(87),Scan parquet spark_catalog.demo_pauldefusco.merchants_skewed(90)"
2,105,541,1,510,"Exchange(86),Filter(88),ColumnarToRow(89),WholeStageCodegen (4)(87),Scan parquet spark_catalog.demo_pauldefusco.merchants_skewed(90)"
2,99,541,1,510,"Exchange(86),Filter(88),ColumnarToRow(89),WholeStageCodegen (4)(87),Scan parquet spark_catalog.demo_pauldefusco.merchants_skewed(90)"
2,90,541,1,510,"Exchange(86),Filter(88),ColumnarToRow(89),WholeStageCodegen (4)(87),Scan parquet spark_catalog.demo_pauldefusco.merchants_skewed(90)"
2,102,541,1,510,"Exchange(86),Filter(88),ColumnarToRow(89),WholeStageCodegen (4)(87),Scan parquet spark_catalog.demo_pauldefusco.merchants_skewed(90)"
2,92,541,2,499,"Exchange(86),Filter(88),ColumnarToRow(89),WholeStageCodegen (4)(87),Scan parquet spark_catalog.demo_pauldefusco.merchants_skewed(90)"
2,101,541,2,499,"Exchange(86),Filter(88),ColumnarToRow(89),WholeStageCodegen (4)(87),Scan parquet spark_catalog.demo_pauldefusco.merchants_skewed(90)"
2,95,541,2,499,"Exchange(86),Filter(88),ColumnarToRow(89),WholeStageCodegen (4)(87),Scan parquet spark_catalog.demo_pauldefusco.merchants_skewed(90)"
2,104,541,2,499,"Exchange(86),Filter(88),ColumnarToRow(89),WholeStageCodegen (4)(87),Scan parquet spark_catalog.demo_pauldefusco.merchants_skewed(90)"
2,86,541,2,499,"Exchange(86),Filter(88),ColumnarToRow(89),WholeStageCodegen (4)(87),Scan parquet spark_catalog.demo_pauldefusco.merchants_skewed(90)"
2,98,541,2,499,"Exchange(86),Filter(88),ColumnarToRow(89),WholeStageCodegen (4)(87),Scan parquet spark_catalog.demo_pauldefusco.merchants_skewed(90)"
2,106,541,2,499,"Exchange(86),Filter(88),ColumnarToRow(89),WholeStageCodegen (4)(87),Scan parquet spark_catalog.demo_pauldefusco.merchants_skewed(90)"
2,100,541,2,499,"Exchange(86),Filter(88),ColumnarToRow(89),WholeStageCodegen (4)(87),Scan parquet spark_catalog.demo_pauldefusco.merchants_skewed(90)"
2,91,541,2,499,"Exchange(86),Filter(88),ColumnarToRow(89),WholeStageCodegen (4)(87),Scan parquet spark_catalog.demo_pauldefusco.merchants_skewed(90)"
2,94,541,2,499,"Exchange(86),Filter(88),ColumnarToRow(89),WholeStageCodegen (4)(87),Scan parquet spark_catalog.demo_pauldefusco.merchants_skewed(90)"
2,103,541,2,499,"Exchange(86),Filter(88),ColumnarToRow(89),WholeStageCodegen (4)(87),Scan parquet spark_catalog.demo_pauldefusco.merchants_skewed(90)"
2,97,541,2,499,"Exchange(86),Filter(88),ColumnarToRow(89),WholeStageCodegen (4)(87),Scan parquet spark_catalog.demo_pauldefusco.merchants_skewed(90)"
2,88,541,2,499,"Exchange(86),Filter(88),ColumnarToRow(89),WholeStageCodegen (4)(87),Scan parquet spark_catalog.demo_pauldefusco.merchants_skewed(90)"
2,87,541,2,499,"Exchange(86),Filter(88),ColumnarToRow(89),WholeStageCodegen (4)(87),Scan parquet spark_catalog.demo_pauldefusco.merchants_skewed(90)"
2,96,541,2,499,"Exchange(86),Filter(88),ColumnarToRow(89),WholeStageCodegen (4)(87),Scan parquet spark_catalog.demo_pauldefusco.merchants_skewed(90)"
2,105,541,2,499,"Exchange(86),Filter(88),ColumnarToRow(89),WholeStageCodegen (4)(87),Scan parquet spark_catalog.demo_pauldefusco.merchants_skewed(90)"
2,99,541,2,499,"Exchange(86),Filter(88),ColumnarToRow(89),WholeStageCodegen (4)(87),Scan parquet spark_catalog.demo_pauldefusco.merchants_skewed(90)"
2,90,541,2,499,"Exchange(86),Filter(88),ColumnarToRow(89),WholeStageCodegen (4)(87),Scan parquet spark_catalog.demo_pauldefusco.merchants_skewed(90)"
2,102,541,2,499,"Exchange(86),Filter(88),ColumnarToRow(89),WholeStageCodegen (4)(87),Scan parquet spark_catalog.demo_pauldefusco.merchants_skewed(90)"
2,93,565,0,491,"Exchange(162),Filter(164),ColumnarToRow(165),WholeStageCodegen (10)(163),Scan parquet spark_catalog.demo_pauldefusco.merchants_skewed(166)"
2,92,532,1,453,"Exchange(78),Filter(80),ColumnarToRow(81),WholeStageCodegen (3)(79),Scan parquet spark_catalog.demo_pauldefusco.accounts_skewed(82)"
2,101,532,1,453,"Exchange(78),Filter(80),ColumnarToRow(81),WholeStageCodegen (3)(79),Scan parquet spark_catalog.demo_pauldefusco.accounts_skewed(82)"
2,83,532,1,453,"Exchange(78),Filter(80),ColumnarToRow(81),WholeStageCodegen (3)(79),Scan parquet spark_catalog.demo_pauldefusco.accounts_skewed(82)"
2,95,532,1,453,"Exchange(78),Filter(80),ColumnarToRow(81),WholeStageCodegen (3)(79),Scan parquet spark_catalog.demo_pauldefusco.accounts_skewed(82)"
2,104,532,1,453,"Exchange(78),Filter(80),ColumnarToRow(81),WholeStageCodegen (3)(79),Scan parquet spark_catalog.demo_pauldefusco.accounts_skewed(82)"
2,98,532,1,453,"Exchange(78),Filter(80),ColumnarToRow(81),WholeStageCodegen (3)(79),Scan parquet spark_catalog.demo_pauldefusco.accounts_skewed(82)"
2,106,532,1,453,"Exchange(78),Filter(80),ColumnarToRow(81),WholeStageCodegen (3)(79),Scan parquet spark_catalog.demo_pauldefusco.accounts_skewed(82)"
2,100,532,1,453,"Exchange(78),Filter(80),ColumnarToRow(81),WholeStageCodegen (3)(79),Scan parquet spark_catalog.demo_pauldefusco.accounts_skewed(82)"
2,91,532,1,453,"Exchange(78),Filter(80),ColumnarToRow(81),WholeStageCodegen (3)(79),Scan parquet spark_catalog.demo_pauldefusco.accounts_skewed(82)"
2,103,532,1,453,"Exchange(78),Filter(80),ColumnarToRow(81),WholeStageCodegen (3)(79),Scan parquet spark_catalog.demo_pauldefusco.accounts_skewed(82)"
2,88,532,1,453,"Exchange(78),Filter(80),ColumnarToRow(81),WholeStageCodegen (3)(79),Scan parquet spark_catalog.demo_pauldefusco.accounts_skewed(82)"
2,87,532,1,453,"Exchange(78),Filter(80),ColumnarToRow(81),WholeStageCodegen (3)(79),Scan parquet spark_catalog.demo_pauldefusco.accounts_skewed(82)"
2,96,532,1,453,"Exchange(78),Filter(80),ColumnarToRow(81),WholeStageCodegen (3)(79),Scan parquet spark_catalog.demo_pauldefusco.accounts_skewed(82)"
2,105,532,1,453,"Exchange(78),Filter(80),ColumnarToRow(81),WholeStageCodegen (3)(79),Scan parquet spark_catalog.demo_pauldefusco.accounts_skewed(82)"
2,84,532,1,453,"Exchange(78),Filter(80),ColumnarToRow(81),WholeStageCodegen (3)(79),Scan parquet spark_catalog.demo_pauldefusco.accounts_skewed(82)"
2,102,532,1,453,"Exchange(78),Filter(80),ColumnarToRow(81),WholeStageCodegen (3)(79),Scan parquet spark_catalog.demo_pauldefusco.accounts_skewed(82)"
2,101,588,0,277,"Exchange(170),Filter(172),ColumnarToRow(173),WholeStageCodegen (11)(171),Scan parquet spark_catalog.demo_pauldefusco.branches_skewed(174)"
2,104,588,0,277,"Exchange(170),Filter(172),ColumnarToRow(173),WholeStageCodegen (11)(171),Scan parquet spark_catalog.demo_pauldefusco.branches_skewed(174)"
2,98,588,0,277,"Exchange(170),Filter(172),ColumnarToRow(173),WholeStageCodegen (11)(171),Scan parquet spark_catalog.demo_pauldefusco.branches_skewed(174)"
2,106,588,0,277,"Exchange(170),Filter(172),ColumnarToRow(173),WholeStageCodegen (11)(171),Scan parquet spark_catalog.demo_pauldefusco.branches_skewed(174)"
2,100,588,0,277,"Exchange(170),Filter(172),ColumnarToRow(173),WholeStageCodegen (11)(171),Scan parquet spark_catalog.demo_pauldefusco.branches_skewed(174)"
2,103,588,0,277,"Exchange(170),Filter(172),ColumnarToRow(173),WholeStageCodegen (11)(171),Scan parquet spark_catalog.demo_pauldefusco.branches_skewed(174)"
2,97,588,0,277,"Exchange(170),Filter(172),ColumnarToRow(173),WholeStageCodegen (11)(171),Scan parquet spark_catalog.demo_pauldefusco.branches_skewed(174)"
2,105,588,0,277,"Exchange(170),Filter(172),ColumnarToRow(173),WholeStageCodegen (11)(171),Scan parquet spark_catalog.demo_pauldefusco.branches_skewed(174)"
2,99,588,0,277,"Exchange(170),Filter(172),ColumnarToRow(173),WholeStageCodegen (11)(171),Scan parquet spark_catalog.demo_pauldefusco.branches_skewed(174)"
2,102,588,0,277,"Exchange(170),Filter(172),ColumnarToRow(173),WholeStageCodegen (11)(171),Scan parquet spark_catalog.demo_pauldefusco.branches_skewed(174)"
2,92,562,1,261,"Exchange(94),Filter(96),ColumnarToRow(97),WholeStageCodegen (5)(95),Scan parquet spark_catalog.demo_pauldefusco.branches_skewed(98)"
2,105,640,0,241,"Exchange(94),Filter(96),ColumnarToRow(97),WholeStageCodegen (5)(95),Scan parquet spark_catalog.demo_pauldefusco.branches_skewed(98)"
2,108,731,0,100,"HashAggregate(2),WholeStageCodegen (386)(1),Exchange(3)"
