jobId,numTasks,Duration,diskBytesSpilled_sum,duration_sum,duration_max,duration_min,duration_avg,executorCPUTime_sum,executorDeserializeCPUTime_sum,executorDeserializeTime_sum,executorRunTime_sum,input_bytesRead_sum,input_recordsRead_sum,jvmGCTime_sum,memoryBytesSpilled_sum,output_bytesWritten_sum,output_recordsWritten_sum,peakExecutionMemory_max,resultSerializationTime_sum,resultSize_max,sr_fetchWaitTime_sum,sr_localBlocksFetched_sum,sr_localBytesRead_sum,sr_remoteBlocksFetched_sum,sr_remoteBytesRead_sum,sr_remoteBytesReadToDisk_sum,sr_totalBytesRead_sum,sw_bytesWritten_sum,sw_recordsWritten_sum,sw_writeTime_sum
2,25,102940,0,332847,51825,5701,13313.9,22998,1436,10005,322435,5861590,3000000,1468,0,0,0,69206016,7,2983,0,0,0,0,0,0,0,20497380,3000000,126
9,25,88629,0,165028,6896,6305,6601.1,11365,544,911,164004,9301140,2000000,85,0,0,0,0,0,2624,0,0,0,0,0,0,0,17949712,25,86
0,1044,82741,0,852528,42213,124,816.6,126041,14157,29325,815413,1050370932,12510500,8200,0,0,0,268435456,68,2983,0,0,0,0,0,0,0,414775664,12378203,239
8,25,82634,0,164738,6900,6456,6589.5,12031,56,91,164531,9258740,2000000,118,0,0,0,69206016,0,2940,0,0,0,0,0,0,0,27832668,1996276,96
7,25,75903,0,143113,6061,5524,5724.5,10769,60,129,142867,5547407,500000,174,0,0,0,67633152,0,2939,0,0,0,0,0,0,0,12149531,500000,85
81,67,70571,0,302740,47788,1766,4518.5,15242,1300,8868,293454,9301140,2000000,740,0,0,0,0,2,2666,0,0,0,0,0,0,0,31215953,67,88
6,1044,69952,0,165019,3561,114,158.1,61241,1705,1244,159414,1050360469,12510500,790,0,0,0,268435456,36,2941,0,0,0,0,0,0,0,399907192,12378203,209
80,27,69940,0,112545,47125,2312,4168.3,6827,428,2773,109616,3702011,800000,292,0,0,0,67633152,2,2983,0,0,0,0,0,0,0,9695182,798482,87
3,25,66335,0,164455,6982,6269,6578.2,14371,84,169,164150,7500963,500000,132,0,0,0,67633152,1,2939,0,0,0,0,0,0,0,12149531,500000,95
4,2,64647,0,9204,4706,4498,4602.0,754,7,20,9175,381702,5000,66,0,0,0,67174400,0,2938,0,0,0,0,0,0,0,147387,5000,6
5,1,60289,0,273,273,273,273.0,86,3,9,260,7680,731,0,0,0,0,67141632,0,2895,0,0,0,0,0,0,0,45136,731,1
1,25,56699,0,180126,7732,6664,7205.0,23523,104,214,179696,9140416,2000000,64,0,0,0,69206016,3,2941,0,0,0,0,0,0,0,27832668,1996276,155
73,470,53569,0,1566833,53557,113,3333.7,68246,6557,30353,1533729,472872566,5280200,7358,0,0,0,201326592,28,2940,0,0,0,0,0,0,0,123018169,5218378,77
16,37,25276,0,64715,7151,490,1749.1,34718,2192,10618,53620,0,0,2089,0,0,0,224395264,11,8038,45,2859,48698515,21941,393909817,0,442608332,240077865,5683826,282
18,37,20650,0,25221,877,506,681.6,20448,155,224,24830,0,0,1340,0,0,0,224395264,0,7995,2363,2466,37689624,22334,390050236,0,427739860,230356829,5683826,254
14,35,20549,0,146952,4458,3703,4198.6,10673,76,124,146640,5557007,500000,207,0,0,0,67371008,0,2940,0,0,0,0,0,0,0,5091818,500000,112
17,37,20226,0,28339,1167,482,765.9,23261,319,524,27639,0,0,1460,0,0,0,224395264,0,7996,1123,3143,72346259,21657,355393601,0,427739860,230356552,5683826,271
15,1,17426,0,233,233,233,233.0,58,2,7,220,7749,731,0,0,0,0,67141632,0,2895,0,0,0,0,0,0,0,37994,731,1
67,800,16070,0,88687,658,78,110.9,69943,5454,5851,77988,0,0,2465,0,0,0,269549568,0,51565,4391,18740,145943652,26860,211920041,0,357863693,119028713,1909910,2389
12,35,14394,0,165903,5398,3488,4740.1,12574,74,173,165588,9301140,2000000,559,0,0,0,68157440,0,2941,0,0,0,0,0,0,0,13386888,1996276,120
120,71,11361,0,73015,7381,614,1028.4,53799,2264,8726,63584,0,0,2135,0,0,0,211812352,0,49269,118,25947,5708646,531087,69053266,0,74761912,138273842,12726887,324
121,54,10926,0,83370,7328,484,1543.9,38336,5468,22815,59316,0,0,1912,0,0,0,211812352,22,79832,14,2296,1023581,101704,55397551,0,56421132,316761499,12726887,360
123,200,10704,0,385397,7520,364,1927.0,163126,19187,80939,298921,0,0,5895,0,0,0,204734464,73,93272,59529,13657,62111323,647287,459637593,0,521748916,87104071,12726887,407
124,200,10642,0,300915,6516,367,1504.6,116812,7439,45854,252509,0,0,5800,0,0,0,204734464,42,93272,100457,106925,18987196,544419,383493388,0,402480584,22080354,12726887,326
125,800,10620,0,407284,6290,27,509.1,104184,43474,193672,180582,0,0,9134,0,0,0,210829312,133,101931,621,11696,4369021,128544,104815404,0,109184425,58656,800,1915
30,800,10142,0,109836,6483,65,137.3,65198,6839,12668,91753,0,0,5674,0,0,0,269058048,10,24820,2407,6575,11038727,33425,56241986,0,67280713,76357545,1222018,2235
89,91,10127,0,35223,1129,214,387.1,30004,541,842,33998,0,0,1463,0,0,0,212860928,0,7996,24,3540,13635590,54860,302257845,0,315893435,174973056,5683826,397
86,80,9748,0,150179,2092,1727,1877.2,15362,159,227,149662,5557007,500000,558,0,0,0,67239936,0,2941,0,0,0,0,0,0,0,7837924,500000,255
88,91,9502,0,33432,1042,202,367.4,29697,512,760,32330,0,0,281,0,0,0,212860928,0,7996,17,4568,17543066,53832,298350369,0,315893435,174974540,5683826,441
19,41,9476,0,15087,559,304,368.0,13868,273,495,14400,0,0,336,0,0,0,216006656,0,10650,0,6112,33288762,26688,140196871,0,173485633,141711028,5683826,215
69,58,9307,0,194485,5595,1582,3353.2,105861,886,2750,191224,0,0,1828,0,0,0,214958080,0,99781,81278,47206,120018445,607338,1168428042,0,1288446487,1070716960,12726887,579
122,800,9276,0,264621,5743,74,330.8,90066,20380,89047,167128,0,0,6357,0,0,0,201916416,92,51272,2478,13119,31697421,43681,106576421,0,138273842,85719085,1909910,2504
63,57,8560,0,54288,1545,777,952.4,50373,554,1271,52612,0,0,1572,0,0,0,211812352,0,49437,83,46162,13556896,510872,78597247,0,92154143,357863693,12726887,446
87,1,8214,0,267,267,267,267.0,85,2,4,259,7749,731,0,0,0,0,67141632,0,2896,0,0,0,0,0,0,0,37994,731,2
85,80,8028,0,157335,3206,1712,1966.7,19351,169,277,156761,5861590,3000000,674,0,0,0,68157440,2,2941,0,0,0,0,0,0,0,30893037,3000000,313
44,800,7696,0,70546,285,63,88.2,54774,3630,3395,59860,0,0,2694,0,0,0,269058048,0,24778,2176,10600,16942769,31800,50761131,0,67703900,112671502,1222018,2185
22,49,7255,0,44597,7187,216,910.1,17053,1858,10005,33977,0,0,808,0,0,0,204996608,12,15317,6,6418,6821304,49582,52442848,0,59264152,61310363,1222040,211
65,57,6423,0,53671,1217,671,941.6,50716,489,738,52624,0,0,1101,0,0,0,211812352,0,49437,132,34906,4197135,522128,76957197,0,81154332,243732239,12726887,352
84,80,6354,0,182891,2917,1979,2286.1,24372,174,296,182307,9301140,2000000,388,0,0,0,67633152,3,2941,0,0,0,0,0,0,0,16532600,1996276,280
32,800,5653,0,72289,266,61,90.4,57086,3924,3673,63212,0,0,3669,0,0,0,269058048,0,24778,2033,3366,5010135,36634,54282140,0,59292275,65357734,1222018,2488
11,1044,5539,0,173986,3929,119,166.7,59818,5867,6007,163798,1050360469,12510500,1101,0,0,0,167772160,3,2938,0,0,0,0,0,0,0,160098745,6975810,106
45,56,5353,0,9811,299,129,175.2,8876,249,254,9144,0,0,150,0,0,0,202964992,0,22553,7,21318,51283400,4602,9457919,0,60741319,83624578,1222040,216
33,49,5308,0,13349,458,116,272.4,10970,202,795,12311,0,0,216,0,0,0,202964992,0,18915,145,3473,5523487,36966,55935635,0,61459122,57980029,1222040,145
62,58,5289,0,51360,1657,487,885.5,43536,1010,2327,48506,0,0,712,0,0,0,207618048,0,86005,2435,7496,18672201,50904,116159240,0,134831441,1169417774,12726887,827
47,800,5257,0,79352,352,61,99.2,58306,3928,4047,66504,0,0,3119,0,0,0,269058048,21,24820,4258,2708,3814487,39692,55881259,0,59695746,102520584,1222018,2243
43,800,5230,0,112205,4518,64,140.3,61939,5833,15073,89347,0,0,5577,0,0,0,269058048,12,24819,16886,3391,4804284,39009,54915938,0,59720222,81976762,1222018,2230
64,58,5092,0,30659,747,394,528.6,28590,676,822,29404,0,0,511,0,0,0,207618048,0,80460,0,3134,5075409,55266,84944850,0,90020259,709766736,12726887,639
34,49,4941,0,12634,360,147,257.8,11170,208,253,12145,0,0,52,0,0,0,202964992,0,18915,13,4368,6491897,36071,54965853,0,61457750,57975723,1222040,149
105,800,4858,0,68127,319,58,85.2,53489,3307,3210,61074,0,0,4107,0,0,0,201883648,0,24610,1917,3906,5795497,28094,41916120,0,47711617,70772146,1222018,2238
42,800,4830,0,77664,301,64,97.1,56009,3694,3505,68007,0,0,3590,0,0,0,269058048,0,24778,7799,4840,7732662,37560,59991664,0,67724326,92042005,1222018,2204
35,49,4808,0,17053,617,200,348.0,14735,286,478,16295,0,0,164,0,0,0,204996608,0,15275,98,4915,5042896,55085,57300363,0,62343259,63679140,1222040,188
31,49,4323,0,12931,434,116,263.9,9194,187,213,12484,0,0,146,0,0,0,202964992,0,18914,2480,21438,31308631,19001,30150749,0,61459380,57983012,1222040,133
20,45,4121,0,19584,638,173,435.2,16960,169,322,19004,0,0,932,0,0,0,210239488,0,11635,32,5984,32502867,43616,218351065,0,250853932,47114898,1222040,165
29,50,3943,0,21440,732,279,428.8,18068,189,436,20225,0,0,617,0,0,0,208142336,326,11678,7,5248,27479328,44352,233095917,0,260575245,50193728,1222040,179
119,66,3912,0,29972,669,362,454.1,27430,705,794,28681,0,0,1024,0,0,0,211812352,0,79789,0,26763,17025450,77237,51868300,0,68893750,436029831,12726887,490
26,49,3807,0,17485,630,186,356.8,14566,293,545,16618,0,0,360,0,0,0,204996608,0,15275,121,7046,7862397,48954,51402032,0,59264429,61311735,1222040,196
40,53,3776,0,14350,594,138,270.8,12174,264,460,13635,0,0,324,0,0,0,202964992,0,22556,46,2790,6532055,21210,51488804,0,58020859,59695746,1222040,212
37,53,3754,0,15032,412,145,283.6,12452,252,500,14287,0,0,64,0,0,0,202964992,0,22555,532,2919,6850565,21081,51177583,0,58028148,59720222,1222040,207
38,53,3518,0,11945,382,136,225.4,10185,213,433,11248,0,0,192,0,0,0,202964992,0,22555,252,2297,5001354,21703,53023811,0,58025165,67492706,1222040,212
36,53,3462,0,12935,397,128,244.1,10572,226,343,12291,0,0,416,0,0,0,202964992,0,22554,68,6649,16146383,17351,41881765,0,58028148,67724326,1222040,211
68,58,3272,0,96088,1976,220,1656.7,86100,776,1611,93962,0,0,1216,0,0,0,214958080,0,94237,3931,46868,62596571,607676,750126138,0,812722709,536146183,12726887,360
25,49,3010,0,10530,338,171,214.9,9771,161,139,10088,0,0,296,0,0,0,204996608,0,15273,0,12800,14814306,43200,44450123,0,59264429,61311993,1222040,187
70,800,2947,0,152428,1349,34,190.5,61192,21652,25126,69472,0,0,1320,0,0,0,345047040,0,141222,788,2864,114052811,37948,1492810332,0,1606863143,0,0,0
39,53,2720,0,9254,312,132,174.6,8320,211,205,8768,0,0,64,0,0,0,202964992,0,22555,140,6240,14825983,17760,43194876,0,58020859,67703900,1222040,211
41,53,2593,0,9004,298,112,169.9,7767,182,272,8294,0,0,236,0,0,0,204537856,0,18913,239,1777,1681343,38662,62145184,0,63826527,60696183,1222040,147
28,50,2546,0,9175,344,136,183.5,8279,229,253,8506,0,0,148,0,0,0,202964992,0,22555,9,8867,21443736,15133,36578990,0,58022726,59292275,1222040,207
66,800,2178,0,100746,469,78,125.9,70197,5775,6254,89130,0,0,3259,0,0,0,269549568,1,51565,14020,3240,17266678,42360,226465561,0,243732239,102955973,1909910,2608
103,40,1906,0,8822,347,139,220.6,8053,152,159,8458,0,0,258,0,0,0,204537856,0,22555,8,4524,9523506,16596,33016983,0,42540489,47712964,1222040,162
102,40,1876,0,8738,361,140,218.5,8354,161,173,8397,0,0,0,0,0,0,204537856,0,22513,2,4458,9192591,16662,33344589,0,42537180,47705925,1222040,156
71,800,1823,0,85923,501,36,107.4,48897,19508,21343,51864,0,0,1396,0,0,0,412188672,0,139037,1985,2919,115055559,37893,1491807584,0,1606863143,900330,3121,23
100,40,1810,0,9121,371,139,228.0,8437,153,157,8782,0,0,128,0,0,0,204537856,0,22555,3,4693,9368526,16427,33181429,0,42549955,47711068,1222040,160
24,49,1809,0,10138,428,119,206.9,8865,186,213,9638,0,0,232,0,0,0,202964992,0,18915,0,5645,7743679,34794,53715817,0,61459496,57977590,1222040,185
72,1,1757,0,1674,1674,1674,1674.0,788,60,76,1573,0,0,0,0,449253,3121,67239936,2,140524,0,207,59857,2903,840473,0,900330,0,0,0
101,40,1755,0,8909,324,141,222.7,8021,159,256,8441,0,0,219,0,0,0,204537856,0,22556,0,4148,8657942,16972,33887943,0,42545885,47711617,1222040,158
99,43,1567,0,9344,342,125,217.3,8540,158,165,8988,0,0,380,0,0,0,204537856,0,18915,0,2355,1647083,42823,45467353,0,47114436,42495353,1222040,120
126,1,1530,0,1526,1526,1526,1526.0,95,87,1239,282,0,0,0,0,0,0,0,0,3995,0,5,363,795,58293,0,58656,0,0,0
27,50,1438,0,10670,455,125,213.4,9039,304,506,9912,0,0,332,0,0,0,202964992,0,22555,51,8789,21661076,15211,36361650,0,58022726,67280713,1222040,208
98,43,1362,0,9584,341,134,222.9,8884,151,161,9238,0,0,196,0,0,0,204537856,0,18916,0,3666,3323814,41512,43793273,0,47117087,42492044,1222040,118
23,49,1100,0,14710,507,186,300.2,12822,233,324,14138,0,0,664,0,0,0,204996608,0,15275,65,6829,7298807,49171,51965345,0,59264152,61312109,1222040,198
97,43,1076,0,8832,308,137,205.4,8203,152,178,8382,0,0,112,0,0,0,204537856,0,18913,0,3215,2648679,41963,44466583,0,47115262,42500749,1222040,117
93,51,973,0,20904,669,271,409.9,17920,240,350,20247,0,0,1430,0,0,0,205520896,0,15276,0,6897,2971022,118693,50625732,0,53596754,46759990,1222040,206
92,51,964,0,22001,728,280,431.4,18685,206,558,21173,0,0,906,0,0,0,205520896,0,15275,0,5895,2536805,119695,51059949,0,53596754,46757183,1222040,204
95,51,944,0,19534,508,251,383.0,17090,228,743,18574,0,0,575,0,0,0,205520896,0,15276,138,6140,2631419,119450,50964538,0,53595957,46759164,1222040,185
90,90,902,0,33113,540,201,367.9,27788,317,629,31944,0,0,400,0,0,0,208142336,0,11635,702,7270,11347406,119130,188989408,0,200336814,36844279,1222040,304
21,45,870,0,21068,660,187,468.2,17743,206,376,20424,0,0,126,0,0,0,210239488,0,11635,0,5967,29275580,43633,221578629,0,250854209,47114621,1222040,174
94,51,817,0,21959,582,317,430.6,18852,226,494,21187,0,0,849,0,0,0,205520896,0,15276,374,7287,3065455,118303,50530502,0,53595957,46761815,1222040,345
96,43,779,0,9299,338,127,216.3,8508,160,189,8919,0,0,136,0,0,0,204537856,0,18915,9,2751,2255725,42427,44856730,0,47112455,42504819,1222040,117
117,16,765,0,6226,464,257,389.1,5418,69,200,5947,0,0,0,0,0,0,276889600,0,25537,0,2507,3779917,9493,13114994,0,16894911,16615264,1222039,57
91,90,756,0,34319,584,207,381.3,27214,342,758,32933,0,0,356,0,0,0,208142336,2,11635,22,7025,10753884,119375,189581446,0,200335330,36843482,1222040,330
118,16,647,0,4840,345,187,302.5,4353,75,205,4555,0,0,0,0,0,0,138412032,0,27161,0,4460,5815477,8340,10799787,0,16615264,15794471,1221970,58
116,24,572,0,7579,442,169,315.8,5984,110,352,7105,0,0,184,0,0,0,204537856,0,21573,0,1979,705278,40851,24546984,0,25252262,16856917,1222040,58
10,1,545,0,518,518,518,518.0,281,105,115,316,0,0,0,0,0,0,0,0,1064516,0,2,1436876,23,16512836,0,17949712,0,0,0
82,1,479,0,469,469,469,469.0,420,9,13,427,0,0,0,0,0,0,0,0,1064516,0,4,1867490,63,29348463,0,31215953,0,0,0
13,31,null,0,130569,4544,3615,4211.9,11055,77,133,130253,5187508,2655024,0,0,0,0,69206016,0,2898,0,0,0,0,0,0,0,22261949,2655024,117
46,367,null,0,36857,264,63,100.4,26480,1621,2180,29074,0,0,804,0,0,0,269058048,0,24777,345,5346,8525610,14105,22412066,0,30937676,60579785,560068,1035
48,84,null,0,13868,254,100,165.1,10785,480,550,12852,0,0,550,0,0,0,269058048,0,26906,0,4215,711746,52993,8966426,0,9678172,8488862,106793,229
83,1032,null,0,182259,3282,117,176.6,65564,6986,7997,169427,1038289369,12510500,257,0,0,0,167772160,11,2938,0,0,0,0,0,0,0,160098745,6975810,105
104,796,null,0,69840,294,61,87.7,55248,3296,3771,62056,0,0,2296,0,0,0,269058048,0,24778,1525,6926,10451563,24914,37018314,0,47469877,110530792,1215828,2246
106,663,null,0,58791,418,59,88.7,45768,2780,2591,51051,0,0,2932,0,0,0,201883648,0,24610,1685,1398,2076143,25122,37440658,0,39516801,76026416,1012173,1818
