SQL ID,Exec Name,Expression Name,Exec Duration,SQL Node Id,Exec Is Supported,Exec Stages,Exec Children,Exec Children Node Ids,Exec Should Remove,Exec Should Ignore,Action
0,"Execute CreateDataSourceTableAsSelectCommand","",0,0,false,"","","",false,true,"IgnorePerf"
1,"AdaptiveSparkPlan","",0,0,false,"547","","",true,false,"IgnoreNoPerf"
1,"Execute InsertIntoHadoopFsRelationCommand parquet","Format: parquet",0,1,true,"547","","",false,false,"NONE"
1,"WriteFiles","",0,2,true,"547","","",false,false,"NONE"
1,"WholeStageCodegen","WholeStageCodegen (140)",4141533,3,true,"547","Sort","4",false,false,"NONE"
1,"Sort","",0,4,true,"547","","",false,false,"NONE"
1,"Exchange","",16619,5,true,"493","","",false,false,"NONE"
1,"WholeStageCodegen","WholeStageCodegen (139)",75329834,6,true,"387:440:493","HashAggregate:HashAggregate:Sort","7:8:9",false,false,"NONE"
1,"HashAggregate","",73928535,7,true,"387:440:493","","",false,false,"NONE"
1,"HashAggregate","",73250322,8,true,"387:440:493","","",false,false,"NONE"
1,"Sort","",0,9,true,"387:440:493","","",false,false,"NONE"
1,"Exchange","",3739968,10,true,"334","","",false,false,"NONE"
1,"WholeStageCodegen","WholeStageCodegen (138)",37997969,11,true,"334","Project:SortMergeJoin","12:13",false,false,"NONE"
1,"Project","",0,12,true,"334","","",false,false,"NONE"
1,"SortMergeJoin","",0,13,true,"334","","",false,false,"NONE"
1,"WholeStageCodegen","WholeStageCodegen (136)",38220396,14,true,"334","Sort","15",false,false,"NONE"
1,"Sort","",0,15,true,"334","","",false,false,"NONE"
1,"Exchange","",15411776,16,true,"282","","",false,false,"NONE"
1,"WholeStageCodegen","WholeStageCodegen (135)",19113656,17,true,"282","Project:SortMergeJoin","18:19",false,false,"NONE"
1,"Project","",0,18,true,"282","","",false,false,"NONE"
1,"SortMergeJoin","",0,19,true,"282","","",false,false,"NONE"
1,"WholeStageCodegen","WholeStageCodegen (133)",19372897,20,true,"282","Sort","21",false,false,"NONE"
1,"Sort","",0,21,true,"282","","",false,false,"NONE"
1,"Exchange","",8075409,22,true,"245","","",false,false,"NONE"
1,"WholeStageCodegen","WholeStageCodegen (132)",45049549,23,true,"245:280","Project:SortMergeJoin","24:25",false,false,"NONE"
1,"Project","",0,24,true,"245:280","","",false,false,"NONE"
1,"SortMergeJoin","",0,25,true,"245:280","","",false,false,"NONE"
1,"WholeStageCodegen","WholeStageCodegen (130)",45203070,26,true,"245:280","Sort","27",false,false,"NONE"
1,"Sort","",0,27,true,"245:280","","",false,false,"NONE"
1,"Exchange","",15717530,28,true,"184","","",false,false,"NONE"
1,"WholeStageCodegen","WholeStageCodegen (123)",33702631,29,true,"184:278","Project:SortMergeJoin","30:31",false,false,"NONE"
1,"Project","",0,30,true,"184:278","","",false,false,"NONE"
1,"SortMergeJoin","",0,31,true,"184:278","","",false,false,"NONE"
1,"WholeStageCodegen","WholeStageCodegen (121)",33922988,32,true,"184:278","Sort","33",false,false,"NONE"
1,"Sort","",0,33,true,"184:278","","",false,false,"NONE"
1,"Exchange","",16861215,34,true,"73","","",false,false,"NONE"
1,"WholeStageCodegen","WholeStageCodegen (93)",13552284,35,true,"277:73:183","Project:Project:Project:Project:BroadcastHashJoin:Project:BroadcastHashJoin:Project:BroadcastHashJoin:Project:SortMergeJoin","36:37:38:39:40:41:42:43:44:45:46",false,false,"NONE"
1,"Project","",0,36,true,"277:73:183","","",false,false,"NONE"
1,"Project","",0,37,true,"277:73:183","","",false,false,"NONE"
1,"Project","",0,38,true,"277:73:183","","",false,false,"NONE"
1,"Project","",0,39,true,"277:73:183","","",false,false,"NONE"
1,"BroadcastHashJoin","",0,40,true,"277:73:183","","",false,false,"NONE"
1,"Project","",0,41,true,"277:73:183","","",false,false,"NONE"
1,"BroadcastHashJoin","",0,42,true,"277:73:183","","",false,false,"NONE"
1,"Project","",0,43,true,"277:73:183","","",false,false,"NONE"
1,"BroadcastHashJoin","",0,44,true,"277:73:183","","",false,false,"NONE"
1,"Project","",0,45,true,"277:73:183","","",false,false,"NONE"
1,"SortMergeJoin","",0,46,true,"277:73:183","","",false,false,"NONE"
1,"WholeStageCodegen","WholeStageCodegen (91)",13600641,47,true,"277:73:183","Sort","48",false,false,"NONE"
1,"Sort","",0,48,true,"277:73:183","","",false,false,"NONE"
1,"Exchange","",1945811,49,true,"40","","",false,false,"NONE"
1,"WholeStageCodegen","WholeStageCodegen (63)",11085251,50,true,"164:71:40:258","Project:SortMergeJoin","51:52",false,false,"NONE"
1,"Project","",0,51,true,"164:71:40:258","","",false,false,"NONE"
1,"SortMergeJoin","",0,52,true,"164:71:40:258","","",false,false,"NONE"
1,"WholeStageCodegen","WholeStageCodegen (61)",11131672,53,true,"164:71:40:258","Sort","54",false,false,"NONE"
1,"Sort","",0,54,true,"164:71:40:258","","",false,false,"NONE"
1,"Exchange","",5135762,55,true,"0","","",false,false,"NONE"
1,"WholeStageCodegen","WholeStageCodegen (1)",11735563,56,true,"69:0:38:256:162","Project:Filter:ColumnarToRow","57:58:59",false,false,"NONE"
1,"Project","",0,57,true,"69:0:38:256:162","","",false,false,"NONE"
1,"Filter","",0,58,true,"69:0:38:256:162","","",false,false,"NONE"
1,"ColumnarToRow","",0,59,false,"69:0:38:256:162","","",true,false,"IgnoreNoPerf"
1,"Scan parquet","Format: parquet",7910916,60,true,"69:0:38:256:162","","",false,false,"NONE"
1,"WholeStageCodegen","WholeStageCodegen (62)",13642094364247,61,true,"164:71:40:258","Sort","62",false,false,"NONE"
1,"Sort","",0,62,true,"164:71:40:258","","",false,false,"NONE"
1,"Exchange","",320,63,true,"1","","",false,false,"NONE"
1,"WholeStageCodegen","WholeStageCodegen (2)",631890,64,true,"1:39","Filter:ColumnarToRow","65:66",false,false,"NONE"
1,"Filter","",0,65,true,"1:39","","",false,false,"NONE"
1,"ColumnarToRow","",0,66,false,"1:39","","",true,false,"IgnoreNoPerf"
1,"Scan parquet","Format: parquet",590505,67,true,"1:39","","",false,false,"NONE"
1,"WholeStageCodegen","WholeStageCodegen (92)",0,68,true,"277:73:183","Sort","69",false,false,"NONE"
1,"Sort","",0,69,true,"277:73:183","","",false,false,"NONE"
1,"Exchange","",337,70,true,"16","","",false,false,"NONE"
1,"WholeStageCodegen","WholeStageCodegen (3)",331816,71,true,"16:72","Filter:ColumnarToRow","72:73",false,false,"NONE"
1,"Filter","",0,72,true,"16:72","","",false,false,"NONE"
1,"ColumnarToRow","",0,73,false,"16:72","","",true,false,"IgnoreNoPerf"
1,"Scan parquet","Format: parquet",328383,74,true,"16:72","","",false,false,"NONE"
1,"BroadcastExchange","",296339,75,true,"20","","",false,false,"NONE"
1,"WholeStageCodegen","WholeStageCodegen (4)",163796,76,true,"20","Filter:ColumnarToRow","77:78",false,false,"NONE"
1,"Filter","",0,77,true,"20","","",false,false,"NONE"
1,"ColumnarToRow","",0,78,false,"20","","",true,false,"IgnoreNoPerf"
1,"Scan parquet","Format: parquet",163146,79,true,"20","","",false,false,"NONE"
1,"BroadcastExchange","",275343,80,true,"10","","",false,false,"NONE"
1,"WholeStageCodegen","WholeStageCodegen (5)",8994,81,true,"10","Filter:ColumnarToRow","82:83",false,false,"NONE"
1,"Filter","",0,82,true,"10","","",false,false,"NONE"
1,"ColumnarToRow","",0,83,false,"10","","",true,false,"IgnoreNoPerf"
1,"Scan parquet","Format: parquet",8964,84,true,"10","","",false,false,"NONE"
1,"BroadcastExchange","",271140,85,true,"6","","",false,false,"NONE"
1,"WholeStageCodegen","WholeStageCodegen (6)",5265,86,true,"6","Filter:ColumnarToRow","87:88",false,false,"NONE"
1,"Filter","",0,87,true,"6","","",false,false,"NONE"
1,"ColumnarToRow","",0,88,false,"6","","",true,false,"IgnoreNoPerf"
1,"Scan parquet","Format: parquet",5263,89,false,"6","","",false,false,"Triage"
1,"WholeStageCodegen","WholeStageCodegen (122)",28707607,90,true,"184:278","Sort","91",false,false,"NONE"
1,"Sort","",0,91,true,"184:278","","",false,false,"NONE"
1,"Exchange","",40146,92,true,"161","","",false,false,"NONE"
1,"WholeStageCodegen","WholeStageCodegen (120)",1406223,93,true,"182:276:161","Project:SortMergeJoin","94:95",false,false,"NONE"
1,"Project","",0,94,true,"182:276:161","","",false,false,"NONE"
1,"SortMergeJoin","",0,95,true,"182:276:161","","",false,false,"NONE"
1,"WholeStageCodegen","WholeStageCodegen (118)",1452814,96,true,"182:276:161","Sort","97",false,false,"NONE"
1,"Sort","",0,97,true,"182:276:161","","",false,false,"NONE"
1,"Exchange","",32937,98,true,"135","","",false,false,"NONE"
1,"WholeStageCodegen","WholeStageCodegen (114)",4123437,99,true,"274:180:135","Project:SortMergeJoin","100:101",false,false,"NONE"
1,"Project","",0,100,true,"274:180:135","","",false,false,"NONE"
1,"SortMergeJoin","",0,101,true,"274:180:135","","",false,false,"NONE"
1,"WholeStageCodegen","WholeStageCodegen (112)",4235179,102,true,"274:180:135","Sort","103",false,false,"NONE"
1,"Sort","",0,103,true,"274:180:135","","",false,false,"NONE"
1,"Exchange","",2586057,104,true,"103","","",false,false,"NONE"
1,"Exchange","",15926,105,true,"68","","",false,false,"NONE"
1,"WholeStageCodegen","WholeStageCodegen (90)",7649323,106,true,"68:177","HashAggregate:HashAggregate:Project:BroadcastHashJoin:Project:BroadcastHashJoin:Project:BroadcastHashJoin:Project:SortMergeJoin","107:108:109:110:111:112:113:114:115:116",false,false,"NONE"
1,"HashAggregate","",7134052,107,true,"68:177","","",false,false,"NONE"
1,"HashAggregate","",6830946,108,true,"68:177","","",false,false,"NONE"
1,"Project","",0,109,true,"68:177","","",false,false,"NONE"
1,"BroadcastHashJoin","",0,110,true,"68:177","","",false,false,"NONE"
1,"Project","",0,111,true,"68:177","","",false,false,"NONE"
1,"BroadcastHashJoin","",0,112,true,"68:177","","",false,false,"NONE"
1,"Project","",0,113,true,"68:177","","",false,false,"NONE"
1,"BroadcastHashJoin","",0,114,true,"68:177","","",false,false,"NONE"
1,"Project","",0,115,true,"68:177","","",false,false,"NONE"
1,"SortMergeJoin","",0,116,true,"68:177","","",false,false,"NONE"
1,"WholeStageCodegen","WholeStageCodegen (88)",7229306,117,true,"68:177","Sort","118",false,false,"NONE"
1,"Sort","",0,118,true,"68:177","","",false,false,"NONE"
1,"Exchange","",5547274,119,true,"43","","",false,false,"NONE"
1,"WholeStageCodegen","WholeStageCodegen (66)",12810023,120,true,"176:67:43","Project:SortMergeJoin","121:122",false,false,"NONE"
1,"Project","",0,121,true,"176:67:43","","",false,false,"NONE"
1,"SortMergeJoin","",0,122,true,"176:67:43","","",false,false,"NONE"
1,"WholeStageCodegen","WholeStageCodegen (64)",0,123,true,"176:67:43","Sort","124",false,false,"NONE"
1,"Sort","",0,124,true,"176:67:43","","",false,false,"NONE"
1,"Exchange","",10461726,125,true,"21","","",false,false,"NONE"
1,"WholeStageCodegen","WholeStageCodegen (7)",4172754,126,true,"173:41:64:21","Project:Filter:ColumnarToRow","127:128:129",false,false,"NONE"
1,"Project","",0,127,true,"173:41:64:21","","",false,false,"NONE"
1,"Filter","",0,128,true,"173:41:64:21","","",false,false,"NONE"
1,"ColumnarToRow","",0,129,false,"173:41:64:21","","",true,false,"IgnoreNoPerf"
1,"Scan parquet","Format: parquet",2850200,130,true,"173:41:64:21","","",false,false,"NONE"
1,"WholeStageCodegen","WholeStageCodegen (65)",25663091,131,true,"176:67:43","Sort","132",false,false,"NONE"
1,"Sort","",0,132,true,"176:67:43","","",false,false,"NONE"
1,"Exchange","",290,133,true,"22","","",false,false,"NONE"
1,"WholeStageCodegen","WholeStageCodegen (8)",417587,134,true,"22:42","Filter:ColumnarToRow","135:136",false,false,"NONE"
1,"Filter","",0,135,true,"22:42","","",false,false,"NONE"
1,"ColumnarToRow","",0,136,false,"22:42","","",true,false,"IgnoreNoPerf"
1,"Scan parquet","Format: parquet",414119,137,true,"22:42","","",false,false,"NONE"
1,"WholeStageCodegen","WholeStageCodegen (89)",0,138,true,"68:177","Sort","139",false,false,"NONE"
1,"Sort","",0,139,true,"68:177","","",false,false,"NONE"
1,"Exchange","",240,140,true,"23","","",false,false,"NONE"
1,"WholeStageCodegen","WholeStageCodegen (9)",311147,141,true,"23:175:66","Filter:ColumnarToRow","142:143",false,false,"NONE"
1,"Filter","",0,142,true,"23:175:66","","",false,false,"NONE"
1,"ColumnarToRow","",0,143,false,"23:175:66","","",true,false,"IgnoreNoPerf"
1,"Scan parquet","Format: parquet",307998,144,true,"23:175:66","","",false,false,"NONE"
1,"BroadcastExchange","",279916,145,true,"9","","",false,false,"NONE"
1,"WholeStageCodegen","WholeStageCodegen (10)",160116,146,true,"9","Filter:ColumnarToRow","147:148",false,false,"NONE"
1,"Filter","",0,147,true,"9","","",false,false,"NONE"
1,"ColumnarToRow","",0,148,false,"9","","",true,false,"IgnoreNoPerf"
1,"Scan parquet","Format: parquet",159633,149,true,"9","","",false,false,"NONE"
1,"BroadcastExchange","",287576,150,true,"18","","",false,false,"NONE"
1,"WholeStageCodegen","WholeStageCodegen (11)",8439,151,true,"18","Filter:ColumnarToRow","152:153",false,false,"NONE"
1,"Filter","",0,152,true,"18","","",false,false,"NONE"
1,"ColumnarToRow","",0,153,false,"18","","",true,false,"IgnoreNoPerf"
1,"Scan parquet","Format: parquet",8411,154,true,"18","","",false,false,"NONE"
1,"BroadcastExchange","",277695,155,true,"14","","",false,false,"NONE"
1,"WholeStageCodegen","WholeStageCodegen (12)",191,156,true,"14","Filter:ColumnarToRow","157:158",false,false,"NONE"
1,"Filter","",0,157,true,"14","","",false,false,"NONE"
1,"ColumnarToRow","",0,158,false,"14","","",true,false,"IgnoreNoPerf"
1,"Scan parquet","Format: parquet",189,159,false,"14","","",false,false,"Triage"
1,"WholeStageCodegen","WholeStageCodegen (113)",2193820,160,true,"274:180:135","Sort","161",false,false,"NONE"
1,"Sort","",0,161,true,"274:180:135","","",false,false,"NONE"
1,"Exchange","",252739,162,true,"113","","",false,false,"NONE"
1,"WholeStageCodegen","WholeStageCodegen (110)",6653263,163,true,"113:273:179","HashAggregate:HashAggregate:Sort","164:165:166",false,false,"NONE"
1,"HashAggregate","",6527586,164,true,"113:273:179","","",false,false,"NONE"
1,"HashAggregate","",6445902,165,true,"113:273:179","","",false,false,"NONE"
1,"Sort","",0,166,true,"113:273:179","","",false,false,"NONE"
1,"Exchange","",3543538,167,true,"79","","",false,false,"NONE"
1,"WholeStageCodegen","WholeStageCodegen (99)",9410857,168,true,"172:79:266","Project:Project:Project:BroadcastHashJoin:Project:BroadcastHashJoin:Project:BroadcastHashJoin:Project:SortMergeJoin","169:170:171:172:173:174:175:176:177:178",false,false,"NONE"
1,"Project","",0,169,true,"172:79:266","","",false,false,"NONE"
1,"Project","",0,170,true,"172:79:266","","",false,false,"NONE"
1,"Project","",0,171,true,"172:79:266","","",false,false,"NONE"
1,"BroadcastHashJoin","",0,172,true,"172:79:266","","",false,false,"NONE"
1,"Project","",0,173,true,"172:79:266","","",false,false,"NONE"
1,"BroadcastHashJoin","",0,174,true,"172:79:266","","",false,false,"NONE"
1,"Project","",0,175,true,"172:79:266","","",false,false,"NONE"
1,"BroadcastHashJoin","",0,176,true,"172:79:266","","",false,false,"NONE"
1,"Project","",0,177,true,"172:79:266","","",false,false,"NONE"
1,"SortMergeJoin","",0,178,true,"172:79:266","","",false,false,"NONE"
1,"WholeStageCodegen","WholeStageCodegen (97)",9438449,179,true,"172:79:266","Sort","180",false,false,"NONE"
1,"Sort","",0,180,true,"172:79:266","","",false,false,"NONE"
1,"Exchange","",5190569,181,true,"46","","",false,false,"NONE"
1,"WholeStageCodegen","WholeStageCodegen (69)",12720868,182,true,"265:46:78:171","Project:SortMergeJoin","183:184",false,false,"NONE"
1,"Project","",0,183,true,"265:46:78:171","","",false,false,"NONE"
1,"SortMergeJoin","",0,184,true,"265:46:78:171","","",false,false,"NONE"
1,"WholeStageCodegen","WholeStageCodegen (67)",0,185,true,"265:46:78:171","Sort","186",false,false,"NONE"
1,"Sort","",0,186,true,"265:46:78:171","","",false,false,"NONE"
1,"Exchange","",10456818,187,true,"24","","",false,false,"NONE"
1,"WholeStageCodegen","WholeStageCodegen (13)",4098015,188,true,"24:169:44:76:263","Project:Filter:ColumnarToRow","189:190:191",false,false,"NONE"
1,"Project","",0,189,true,"24:169:44:76:263","","",false,false,"NONE"
1,"Filter","",0,190,true,"24:169:44:76:263","","",false,false,"NONE"
1,"ColumnarToRow","",0,191,false,"24:169:44:76:263","","",true,false,"IgnoreNoPerf"
1,"Scan parquet","Format: parquet",2659006,192,true,"24:169:44:76:263","","",false,false,"NONE"
1,"WholeStageCodegen","WholeStageCodegen (68)",25463869,193,true,"265:46:78:171","Sort","194",false,false,"NONE"
1,"Sort","",0,194,true,"265:46:78:171","","",false,false,"NONE"
1,"Exchange","",34730,195,true,"25","","",false,false,"NONE"
1,"WholeStageCodegen","WholeStageCodegen (14)",385870,196,true,"170:25:77:264:45","Filter:ColumnarToRow","197:198",false,false,"NONE"
1,"Filter","",0,197,true,"170:25:77:264:45","","",false,false,"NONE"
1,"ColumnarToRow","",0,198,false,"170:25:77:264:45","","",true,false,"IgnoreNoPerf"
1,"Scan parquet","Format: parquet",382432,199,true,"170:25:77:264:45","","",false,false,"NONE"
1,"WholeStageCodegen","WholeStageCodegen (98)",0,200,true,"172:79:266","Sort","201",false,false,"NONE"
1,"Sort","",0,201,true,"172:79:266","","",false,false,"NONE"
1,"Exchange","",122653,202,true,"26","","",false,false,"NONE"
1,"WholeStageCodegen","WholeStageCodegen (15)",364116,203,true,"50:26:246","Filter:ColumnarToRow","204:205",false,false,"NONE"
1,"Filter","",0,204,true,"50:26:246","","",false,false,"NONE"
1,"ColumnarToRow","",0,205,false,"50:26:246","","",true,false,"IgnoreNoPerf"
1,"Scan parquet","Format: parquet",361291,206,true,"50:26:246","","",false,false,"NONE"
1,"BroadcastExchange","",277950,207,true,"2","","",false,false,"NONE"
1,"WholeStageCodegen","WholeStageCodegen (16)",250845,208,true,"2","Filter:ColumnarToRow","209:210",false,false,"NONE"
1,"Filter","",0,209,true,"2","","",false,false,"NONE"
1,"ColumnarToRow","",0,210,false,"2","","",true,false,"IgnoreNoPerf"
1,"Scan parquet","Format: parquet",250231,211,true,"2","","",false,false,"NONE"
1,"BroadcastExchange","",259537,212,true,"7","","",false,false,"NONE"
1,"WholeStageCodegen","WholeStageCodegen (18)",194,213,true,"7","Filter:ColumnarToRow","214:215",false,false,"NONE"
1,"Filter","",0,214,true,"7","","",false,false,"NONE"
1,"ColumnarToRow","",0,215,false,"7","","",true,false,"IgnoreNoPerf"
1,"Scan parquet","Format: parquet",192,216,false,"7","","",false,false,"Triage"
1,"WholeStageCodegen","WholeStageCodegen (119)",1421374,217,true,"182:276:161","Sort","218",false,false,"NONE"
1,"Sort","",0,218,true,"182:276:161","","",false,false,"NONE"
1,"Exchange","",4832,219,true,"87","","",false,false,"NONE"
1,"WholeStageCodegen","WholeStageCodegen (103)",766645,220,true,"181:87:275","HashAggregate:HashAggregate:Sort","221:222:223",false,false,"NONE"
1,"HashAggregate","",727977,221,true,"181:87:275","","",false,false,"NONE"
1,"HashAggregate","",708493,222,true,"181:87:275","","",false,false,"NONE"
1,"Sort","",0,223,true,"181:87:275","","",false,false,"NONE"
1,"Exchange","",18607,224,true,"55","","",false,false,"NONE"
1,"WholeStageCodegen","WholeStageCodegen (78)",16719609,225,true,"262:55:168","Project:Project:Project:BroadcastHashJoin:Project:BroadcastHashJoin:Project:BroadcastHashJoin:Project:SortMergeJoin","226:227:228:229:230:231:232:233:234:235",false,false,"NONE"
1,"Project","",0,226,true,"262:55:168","","",false,false,"NONE"
1,"Project","",0,227,true,"262:55:168","","",false,false,"NONE"
1,"Project","",0,228,true,"262:55:168","","",false,false,"NONE"
1,"BroadcastHashJoin","",0,229,true,"262:55:168","","",false,false,"NONE"
1,"Project","",0,230,true,"262:55:168","","",false,false,"NONE"
1,"BroadcastHashJoin","",0,231,true,"262:55:168","","",false,false,"NONE"
1,"Project","",0,232,true,"262:55:168","","",false,false,"NONE"
1,"BroadcastHashJoin","",0,233,true,"262:55:168","","",false,false,"NONE"
1,"Project","",0,234,true,"262:55:168","","",false,false,"NONE"
1,"SortMergeJoin","",0,235,true,"262:55:168","","",false,false,"NONE"
1,"WholeStageCodegen","WholeStageCodegen (76)",16743151,236,true,"262:55:168","Sort","237",false,false,"NONE"
1,"Sort","",0,237,true,"262:55:168","","",false,false,"NONE"
1,"Exchange","",14454669,238,true,"33","","",false,false,"NONE"
1,"WholeStageCodegen","WholeStageCodegen (56)",9670954,239,true,"167:261:54:33","Project:BroadcastHashJoin:Project:Filter:ColumnarToRow","240:241:242:243:244",false,false,"NONE"
1,"Project","",0,240,true,"167:261:54:33","","",false,false,"NONE"
1,"BroadcastHashJoin","",0,241,true,"167:261:54:33","","",false,false,"NONE"
1,"Project","",0,242,true,"167:261:54:33","","",false,false,"NONE"
1,"Filter","",0,243,true,"167:261:54:33","","",false,false,"NONE"
1,"ColumnarToRow","",0,244,false,"167:261:54:33","","",true,false,"IgnoreNoPerf"
1,"Scan parquet","Format: parquet",7190919,245,true,"167:261:54:33","","",false,false,"NONE"
1,"BroadcastExchange","",281119,246,true,"8","","",false,false,"NONE"
1,"WholeStageCodegen","WholeStageCodegen (19)",202999,247,true,"8","Filter:ColumnarToRow","248:249",false,false,"NONE"
1,"Filter","",0,248,true,"8","","",false,false,"NONE"
1,"ColumnarToRow","",0,249,false,"8","","",true,false,"IgnoreNoPerf"
1,"Scan parquet","Format: parquet",202281,250,true,"8","","",false,false,"NONE"
1,"WholeStageCodegen","WholeStageCodegen (77)",0,251,true,"262:55:168","Sort","252",false,false,"NONE"
1,"Sort","",0,252,true,"262:55:168","","",false,false,"NONE"
1,"Exchange","",40982,253,true,"27","","",false,false,"NONE"
1,"WholeStageCodegen","WholeStageCodegen (20)",353613,254,true,"53:166:27:260","Filter:ColumnarToRow","255:256",false,false,"NONE"
1,"Filter","",0,255,true,"53:166:27:260","","",false,false,"NONE"
1,"ColumnarToRow","",0,256,false,"53:166:27:260","","",true,false,"IgnoreNoPerf"
1,"Scan parquet","Format: parquet",349673,257,true,"53:166:27:260","","",false,false,"NONE"
1,"WholeStageCodegen","WholeStageCodegen (131)",45115474,258,true,"245:280","Sort","259",false,false,"NONE"
1,"Sort","",0,259,true,"245:280","","",false,false,"NONE"
1,"Exchange","",1459709,260,true,"144","","",false,false,"NONE"
1,"WholeStageCodegen","WholeStageCodegen (117)",7600513,261,true,"244:279:144","Project:SortMergeJoin","262:263",false,false,"NONE"
1,"Project","",0,262,true,"244:279:144","","",false,false,"NONE"
1,"SortMergeJoin","",0,263,true,"244:279:144","","",false,false,"NONE"
1,"WholeStageCodegen","WholeStageCodegen (115)",7675773,264,true,"244:279:144","Sort","265",false,false,"NONE"
1,"Sort","",0,265,true,"244:279:144","","",false,false,"NONE"
1,"Exchange","",230836,266,true,"123","","",false,false,"NONE"
1,"Exchange","",896762,267,true,"97","","",false,false,"NONE"
1,"WholeStageCodegen","WholeStageCodegen (108)",5778416,268,true,"97:251:215","HashAggregate","269",false,false,"NONE"
1,"HashAggregate","",4557294,269,true,"97:251:215","","",false,false,"NONE"
1,"Exchange","",280714,270,true,"63","","",false,false,"NONE"
1,"WholeStageCodegen","WholeStageCodegen (87)",13110132,271,true,"250:214:63","HashAggregate:Project:BroadcastHashJoin:Project:BroadcastHashJoin:Project:BroadcastHashJoin:Project:SortMergeJoin","272:273:274:275:276:277:278:279:280",false,false,"NONE"
1,"HashAggregate","",11538072,272,true,"250:214:63","","",false,false,"NONE"
1,"Project","",0,273,true,"250:214:63","","",false,false,"NONE"
1,"BroadcastHashJoin","",0,274,true,"250:214:63","","",false,false,"NONE"
1,"Project","",0,275,true,"250:214:63","","",false,false,"NONE"
1,"BroadcastHashJoin","",0,276,true,"250:214:63","","",false,false,"NONE"
1,"Project","",0,277,true,"250:214:63","","",false,false,"NONE"
1,"BroadcastHashJoin","",0,278,true,"250:214:63","","",false,false,"NONE"
1,"Project","",0,279,true,"250:214:63","","",false,false,"NONE"
1,"SortMergeJoin","",0,280,true,"250:214:63","","",false,false,"NONE"
1,"WholeStageCodegen","WholeStageCodegen (85)",12077301,281,true,"250:214:63","Sort","282",false,false,"NONE"
1,"Sort","",0,282,true,"250:214:63","","",false,false,"NONE"
1,"Exchange","",6655431,283,true,"37","","",false,false,"NONE"
1,"WholeStageCodegen","WholeStageCodegen (60)",7172890,284,true,"62:249:37:213","Project:BroadcastHashJoin:Project:Filter:ColumnarToRow","285:286:287:288:289",false,false,"NONE"
1,"Project","",0,285,true,"62:249:37:213","","",false,false,"NONE"
1,"BroadcastHashJoin","",0,286,true,"62:249:37:213","","",false,false,"NONE"
1,"Project","",0,287,true,"62:249:37:213","","",false,false,"NONE"
1,"Filter","",0,288,true,"62:249:37:213","","",false,false,"NONE"
1,"ColumnarToRow","",0,289,false,"62:249:37:213","","",true,false,"IgnoreNoPerf"
1,"Scan parquet","Format: parquet",5220582,290,true,"62:249:37:213","","",false,false,"NONE"
1,"BroadcastExchange","",284679,291,true,"11","","",false,false,"NONE"
1,"WholeStageCodegen","WholeStageCodegen (24)",160138,292,true,"11","Filter:ColumnarToRow","293:294",false,false,"NONE"
1,"Filter","",0,293,true,"11","","",false,false,"NONE"
1,"ColumnarToRow","",0,294,false,"11","","",true,false,"IgnoreNoPerf"
1,"Scan parquet","Format: parquet",159506,295,true,"11","","",false,false,"NONE"
1,"WholeStageCodegen","WholeStageCodegen (86)",0,296,true,"250:214:63","Sort","297",false,false,"NONE"
1,"Sort","",0,297,true,"250:214:63","","",false,false,"NONE"
1,"Exchange","",7956,298,true,"28","","",false,false,"NONE"
1,"WholeStageCodegen","WholeStageCodegen (25)",330807,299,true,"61:28:212","Filter:ColumnarToRow","300:301",false,false,"NONE"
1,"Filter","",0,300,true,"61:28:212","","",false,false,"NONE"
1,"ColumnarToRow","",0,301,false,"61:28:212","","",true,false,"IgnoreNoPerf"
1,"Scan parquet","Format: parquet",328310,302,true,"61:28:212","","",false,false,"NONE"
1,"BroadcastExchange","",279182,303,true,"4","","",false,false,"NONE"
1,"WholeStageCodegen","WholeStageCodegen (26)",261486,304,true,"4","Filter:ColumnarToRow","305:306",false,false,"NONE"
1,"Filter","",0,305,true,"4","","",false,false,"NONE"
1,"ColumnarToRow","",0,306,false,"4","","",true,false,"IgnoreNoPerf"
1,"Scan parquet","Format: parquet",260822,307,true,"4","","",false,false,"NONE"
1,"BroadcastExchange","",275385,308,true,"12","","",false,false,"NONE"
1,"WholeStageCodegen","WholeStageCodegen (28)",206,309,true,"12","Filter:ColumnarToRow","310:311",false,false,"NONE"
1,"Filter","",0,310,true,"12","","",false,false,"NONE"
1,"ColumnarToRow","",0,311,false,"12","","",true,false,"IgnoreNoPerf"
1,"Scan parquet","Format: parquet",205,312,false,"12","","",false,false,"Triage"
1,"WholeStageCodegen","WholeStageCodegen (116)",7632245,313,true,"244:279:144","Sort","314",false,false,"NONE"
1,"Sort","",0,314,true,"244:279:144","","",false,false,"NONE"
1,"Exchange","",5953,315,true,"90","","",false,false,"NONE"
1,"WholeStageCodegen","WholeStageCodegen (104)",8527981,316,true,"254:219:90","HashAggregate:HashAggregate:Sort","317:318:319",false,false,"NONE"
1,"HashAggregate","",8463141,317,true,"254:219:90","","",false,false,"NONE"
1,"HashAggregate","",8439016,318,true,"254:219:90","","",false,false,"NONE"
1,"Sort","",0,319,true,"254:219:90","","",false,false,"NONE"
1,"Exchange","",2430193,320,true,"57","","",false,false,"NONE"
1,"WholeStageCodegen","WholeStageCodegen (81)",29216712,321,true,"218:89:253:57","Project:Project:BroadcastHashJoin:Project:BroadcastHashJoin:Project:BroadcastHashJoin:Project:SortMergeJoin","322:323:324:325:326:327:328:329:330",false,false,"NONE"
1,"Project","",0,322,true,"218:89:253:57","","",false,false,"NONE"
1,"Project","",0,323,true,"218:89:253:57","","",false,false,"NONE"
1,"BroadcastHashJoin","",0,324,true,"218:89:253:57","","",false,false,"NONE"
1,"Project","",0,325,true,"218:89:253:57","","",false,false,"NONE"
1,"BroadcastHashJoin","",0,326,true,"218:89:253:57","","",false,false,"NONE"
1,"Project","",0,327,true,"218:89:253:57","","",false,false,"NONE"
1,"BroadcastHashJoin","",0,328,true,"218:89:253:57","","",false,false,"NONE"
1,"Project","",0,329,true,"218:89:253:57","","",false,false,"NONE"
1,"SortMergeJoin","",0,330,true,"218:89:253:57","","",false,false,"NONE"
1,"WholeStageCodegen","WholeStageCodegen (79)",29305846,331,true,"218:89:253:57","Sort","332",false,false,"NONE"
1,"Sort","",0,332,true,"218:89:253:57","","",false,false,"NONE"
1,"Exchange","",23575828,333,true,"34","","",false,false,"NONE"
1,"WholeStageCodegen","WholeStageCodegen (57)",14531018,334,true,"88:56:216:252:34","Project:BroadcastHashJoin:Project:Filter:ColumnarToRow","335:336:337:338:339",false,false,"NONE"
1,"Project","",0,335,true,"88:56:216:252:34","","",false,false,"NONE"
1,"BroadcastHashJoin","",0,336,true,"88:56:216:252:34","","",false,false,"NONE"
1,"Project","",0,337,true,"88:56:216:252:34","","",false,false,"NONE"
1,"Filter","",0,338,true,"88:56:216:252:34","","",false,false,"NONE"
1,"ColumnarToRow","",0,339,false,"88:56:216:252:34","","",true,false,"IgnoreNoPerf"
1,"Scan parquet","Format: parquet",11466737,340,true,"88:56:216:252:34","","",false,false,"NONE"
1,"WholeStageCodegen","WholeStageCodegen (80)",0,341,true,"218:89:253:57","Sort","342",false,false,"NONE"
1,"Sort","",0,342,true,"218:89:253:57","","",false,false,"NONE"
1,"BroadcastExchange","",291091,343,true,"15","","",false,false,"NONE"
1,"WholeStageCodegen","WholeStageCodegen (31)",179907,344,true,"15","Filter:ColumnarToRow","345:346",false,false,"NONE"
1,"Filter","",0,345,true,"15","","",false,false,"NONE"
1,"ColumnarToRow","",0,346,false,"15","","",true,false,"IgnoreNoPerf"
1,"Scan parquet","Format: parquet",179229,347,true,"15","","",false,false,"NONE"
1,"BroadcastExchange","",288279,348,true,"17","","",false,false,"NONE"
1,"WholeStageCodegen","WholeStageCodegen (33)",5214,349,true,"17","Filter:ColumnarToRow","350:351",false,false,"NONE"
1,"Filter","",0,350,true,"17","","",false,false,"NONE"
1,"ColumnarToRow","",0,351,false,"17","","",true,false,"IgnoreNoPerf"
1,"Scan parquet","Format: parquet",5212,352,false,"17","","",false,false,"Triage"
1,"WholeStageCodegen","WholeStageCodegen (134)",14559843,353,true,"282","Sort:HashAggregate:HashAggregate:Sort","354:355:356:357",false,false,"NONE"
1,"Sort","",0,354,true,"282","","",false,false,"NONE"
1,"HashAggregate","",2743150,355,true,"282","","",false,false,"NONE"
1,"HashAggregate","",2663356,356,true,"282","","",false,false,"NONE"
1,"Sort","",0,357,true,"282","","",false,false,"NONE"
1,"Exchange","",89833,358,true,"75","","",false,false,"NONE"
1,"WholeStageCodegen","WholeStageCodegen (96)",18706958,359,true,"281:75","Project:Project:BroadcastHashJoin:Project:BroadcastHashJoin:Project:BroadcastHashJoin:Project:SortMergeJoin","360:361:362:363:364:365:366:367:368",false,false,"NONE"
1,"Project","",0,360,true,"281:75","","",false,false,"NONE"
1,"Project","",0,361,true,"281:75","","",false,false,"NONE"
1,"BroadcastHashJoin","",0,362,true,"281:75","","",false,false,"NONE"
1,"Project","",0,363,true,"281:75","","",false,false,"NONE"
1,"BroadcastHashJoin","",0,364,true,"281:75","","",false,false,"NONE"
1,"Project","",0,365,true,"281:75","","",false,false,"NONE"
1,"BroadcastHashJoin","",0,366,true,"281:75","","",false,false,"NONE"
1,"Project","",0,367,true,"281:75","","",false,false,"NONE"
1,"SortMergeJoin","",0,368,true,"281:75","","",false,false,"NONE"
1,"WholeStageCodegen","WholeStageCodegen (94)",18743153,369,true,"281:75","Sort","370",false,false,"NONE"
1,"Sort","",0,370,true,"281:75","","",false,false,"NONE"
1,"Exchange","",13019475,371,true,"35","","",false,false,"NONE"
1,"WholeStageCodegen","WholeStageCodegen (58)",17818755,372,true,"35:74:247","Project:BroadcastHashJoin:Project:Filter:ColumnarToRow","373:374:375:376:377",false,false,"NONE"
1,"Project","",0,373,true,"35:74:247","","",false,false,"NONE"
1,"BroadcastHashJoin","",0,374,true,"35:74:247","","",false,false,"NONE"
1,"Project","",0,375,true,"35:74:247","","",false,false,"NONE"
1,"Filter","",0,376,true,"35:74:247","","",false,false,"NONE"
1,"ColumnarToRow","",0,377,false,"35:74:247","","",true,false,"IgnoreNoPerf"
1,"Scan parquet","Format: parquet",14258878,378,true,"35:74:247","","",false,false,"NONE"
1,"WholeStageCodegen","WholeStageCodegen (95)",0,379,true,"281:75","Sort","380",false,false,"NONE"
1,"Sort","",0,380,true,"281:75","","",false,false,"NONE"
1,"WholeStageCodegen","WholeStageCodegen (137)",38047838,381,true,"334","Sort","382",false,false,"NONE"
1,"Sort","",0,382,true,"334","","",false,false,"NONE"
1,"Exchange","",1524,383,true,"211","","",false,false,"NONE"
1,"WholeStageCodegen","WholeStageCodegen (129)",254202,384,true,"211:333","Project:SortMergeJoin","385:386",false,false,"NONE"
1,"Project","",0,385,true,"211:333","","",false,false,"NONE"
1,"SortMergeJoin","",0,386,true,"211:333","","",false,false,"NONE"
1,"WholeStageCodegen","WholeStageCodegen (127)",468615,387,true,"211:333","Sort","388",false,false,"NONE"
1,"Sort","",0,388,true,"211:333","","",false,false,"NONE"
1,"Exchange","",18034,389,true,"196","","",false,false,"NONE"
1,"WholeStageCodegen","WholeStageCodegen (126)",209339,390,true,"196:296","Project:SortMergeJoin","391:392",false,false,"NONE"
1,"Project","",0,391,true,"196:296","","",false,false,"NONE"
1,"SortMergeJoin","",0,392,true,"196:296","","",false,false,"NONE"
1,"WholeStageCodegen","WholeStageCodegen (124)",234996,393,true,"196:296","Sort","394",false,false,"NONE"
1,"Sort","",0,394,true,"196:296","","",false,false,"NONE"
1,"Exchange","",164413,395,true,"108","","",false,false,"NONE"
1,"WholeStageCodegen","WholeStageCodegen (109)",473556,396,true,"194:294:108","HashAggregate","397",false,false,"NONE"
1,"HashAggregate","",458757,397,true,"194:294:108","","",false,false,"NONE"
1,"Exchange","",37627,398,true,"83","","",false,false,"NONE"
1,"WholeStageCodegen","WholeStageCodegen (102)",10474740,399,true,"83:293","HashAggregate:Project:BroadcastHashJoin:Project:BroadcastHashJoin:Project:BroadcastHashJoin:Project:SortMergeJoin","400:401:402:403:404:405:406:407:408",false,false,"NONE"
1,"HashAggregate","",9397102,400,true,"83:293","","",false,false,"NONE"
1,"Project","",0,401,true,"83:293","","",false,false,"NONE"
1,"BroadcastHashJoin","",0,402,true,"83:293","","",false,false,"NONE"
1,"Project","",0,403,true,"83:293","","",false,false,"NONE"
1,"BroadcastHashJoin","",0,404,true,"83:293","","",false,false,"NONE"
1,"Project","",0,405,true,"83:293","","",false,false,"NONE"
1,"BroadcastHashJoin","",0,406,true,"83:293","","",false,false,"NONE"
1,"Project","",0,407,true,"83:293","","",false,false,"NONE"
1,"SortMergeJoin","",0,408,true,"83:293","","",false,false,"NONE"
1,"WholeStageCodegen","WholeStageCodegen (100)",10371892,409,true,"83:293","Sort","410",false,false,"NONE"
1,"Sort","",0,410,true,"83:293","","",false,false,"NONE"
1,"Exchange","",6551852,411,true,"49","","",false,false,"NONE"
1,"WholeStageCodegen","WholeStageCodegen (72)",17936891,412,true,"49:291","Project:SortMergeJoin","413:414",false,false,"NONE"
1,"Project","",0,413,true,"49:291","","",false,false,"NONE"
1,"SortMergeJoin","",0,414,true,"49:291","","",false,false,"NONE"
1,"WholeStageCodegen","WholeStageCodegen (70)",0,415,true,"49:291","Sort","416",false,false,"NONE"
1,"Sort","",0,416,true,"49:291","","",false,false,"NONE"
1,"Exchange","",16160513,417,true,"29","","",false,false,"NONE"
1,"WholeStageCodegen","WholeStageCodegen (39)",6307189,418,true,"29:290:48","Project:Filter:ColumnarToRow","419:420:421",false,false,"NONE"
1,"Project","",0,419,true,"29:290:48","","",false,false,"NONE"
1,"Filter","",0,420,true,"29:290:48","","",false,false,"NONE"
1,"ColumnarToRow","",0,421,false,"29:290:48","","",true,false,"IgnoreNoPerf"
1,"Scan parquet","Format: parquet",4414446,422,true,"29:290:48","","",false,false,"NONE"
1,"WholeStageCodegen","WholeStageCodegen (71)",35882744,423,true,"49:291","Sort","424",false,false,"NONE"
1,"Sort","",0,424,true,"49:291","","",false,false,"NONE"
1,"Exchange","",42354,425,true,"30","","",false,false,"NONE"
1,"WholeStageCodegen","WholeStageCodegen (40)",368966,426,true,"289:47:30","Filter:ColumnarToRow","427:428",false,false,"NONE"
1,"Filter","",0,427,true,"289:47:30","","",false,false,"NONE"
1,"ColumnarToRow","",0,428,false,"289:47:30","","",true,false,"IgnoreNoPerf"
1,"Scan parquet","Format: parquet",366058,429,true,"289:47:30","","",false,false,"NONE"
1,"WholeStageCodegen","WholeStageCodegen (101)",0,430,true,"83:293","Sort","431",false,false,"NONE"
1,"Sort","",0,431,true,"83:293","","",false,false,"NONE"
1,"BroadcastExchange","",351051,432,true,"13","","",false,false,"NONE"
1,"WholeStageCodegen","WholeStageCodegen (42)",420284,433,true,"13","Filter:ColumnarToRow","434:435",false,false,"NONE"
1,"Filter","",0,434,true,"13","","",false,false,"NONE"
1,"ColumnarToRow","",0,435,false,"13","","",true,false,"IgnoreNoPerf"
1,"Scan parquet","Format: parquet",419662,436,true,"13","","",false,false,"NONE"
1,"BroadcastExchange","",263337,437,true,"5","","",false,false,"NONE"
1,"WholeStageCodegen","WholeStageCodegen (43)",9285,438,true,"5","Filter:ColumnarToRow","439:440",false,false,"NONE"
1,"Filter","",0,439,true,"5","","",false,false,"NONE"
1,"ColumnarToRow","",0,440,false,"5","","",true,false,"IgnoreNoPerf"
1,"Scan parquet","Format: parquet",9254,441,true,"5","","",false,false,"NONE"
1,"WholeStageCodegen","WholeStageCodegen (125)",218388,442,true,"196:296","Sort","443",false,false,"NONE"
1,"Sort","",0,443,true,"196:296","","",false,false,"NONE"
1,"Exchange","",2197,444,true,"118","","",false,false,"NONE"
1,"WholeStageCodegen","WholeStageCodegen (111)",3134992,445,true,"295:118:195","HashAggregate:HashAggregate:Sort","446:447:448",false,false,"NONE"
1,"HashAggregate","",3109035,446,true,"295:118:195","","",false,false,"NONE"
1,"HashAggregate","",3100624,447,true,"295:118:195","","",false,false,"NONE"
1,"Sort","",0,448,true,"295:118:195","","",false,false,"NONE"
1,"Exchange","",1453744,449,true,"94","","",false,false,"NONE"
1,"WholeStageCodegen","WholeStageCodegen (107)",4819301,450,true,"94:288","Project:Project:BroadcastHashJoin:Project:BroadcastHashJoin:Project:BroadcastHashJoin:Project:SortMergeJoin","451:452:453:454:455:456:457:458:459",false,false,"NONE"
1,"Project","",0,451,true,"94:288","","",false,false,"NONE"
1,"Project","",0,452,true,"94:288","","",false,false,"NONE"
1,"BroadcastHashJoin","",0,453,true,"94:288","","",false,false,"NONE"
1,"Project","",0,454,true,"94:288","","",false,false,"NONE"
1,"BroadcastHashJoin","",0,455,true,"94:288","","",false,false,"NONE"
1,"Project","",0,456,true,"94:288","","",false,false,"NONE"
1,"BroadcastHashJoin","",0,457,true,"94:288","","",false,false,"NONE"
1,"Project","",0,458,true,"94:288","","",false,false,"NONE"
1,"SortMergeJoin","",0,459,true,"94:288","","",false,false,"NONE"
1,"WholeStageCodegen","WholeStageCodegen (105)",4864814,460,true,"94:288","Sort","461",false,false,"NONE"
1,"Sort","",0,461,true,"94:288","","",false,false,"NONE"
1,"Exchange","",1786503,462,true,"60","","",false,false,"NONE"
1,"WholeStageCodegen","WholeStageCodegen (84)",16459906,463,true,"60:287","Project:SortMergeJoin","464:465",false,false,"NONE"
1,"Project","",0,464,true,"60:287","","",false,false,"NONE"
1,"SortMergeJoin","",0,465,true,"60:287","","",false,false,"NONE"
1,"WholeStageCodegen","WholeStageCodegen (82)",0,466,true,"60:287","Sort","467",false,false,"NONE"
1,"Sort","",0,467,true,"60:287","","",false,false,"NONE"
1,"Exchange","",14645190,468,true,"31","","",false,false,"NONE"
1,"WholeStageCodegen","WholeStageCodegen (45)",8143722,469,true,"59:286:31","Project:Filter:ColumnarToRow","470:471:472",false,false,"NONE"
1,"Project","",0,470,true,"59:286:31","","",false,false,"NONE"
1,"Filter","",0,471,true,"59:286:31","","",false,false,"NONE"
1,"ColumnarToRow","",0,472,false,"59:286:31","","",true,false,"IgnoreNoPerf"
1,"Scan parquet","Format: parquet",6456600,473,true,"59:286:31","","",false,false,"NONE"
1,"WholeStageCodegen","WholeStageCodegen (83)",32937170,474,true,"60:287","Sort","475",false,false,"NONE"
1,"Sort","",0,475,true,"60:287","","",false,false,"NONE"
1,"Exchange","",1298,476,true,"32","","",false,false,"NONE"
1,"WholeStageCodegen","WholeStageCodegen (46)",466654,477,true,"32:58:285","Filter:ColumnarToRow","478:479",false,false,"NONE"
1,"Filter","",0,478,true,"32:58:285","","",false,false,"NONE"
1,"ColumnarToRow","",0,479,false,"32:58:285","","",true,false,"IgnoreNoPerf"
1,"Scan parquet","Format: parquet",463753,480,true,"32:58:285","","",false,false,"NONE"
1,"WholeStageCodegen","WholeStageCodegen (106)",0,481,true,"94:288","Sort","482",false,false,"NONE"
1,"Sort","",0,482,true,"94:288","","",false,false,"NONE"
1,"BroadcastExchange","",293300,483,true,"19","","",false,false,"NONE"
1,"WholeStageCodegen","WholeStageCodegen (49)",18318,484,true,"19","Filter:ColumnarToRow","485:486",false,false,"NONE"
1,"Filter","",0,485,true,"19","","",false,false,"NONE"
1,"ColumnarToRow","",0,486,false,"19","","",true,false,"IgnoreNoPerf"
1,"Scan parquet","Format: parquet",18283,487,true,"19","","",false,false,"NONE"
1,"WholeStageCodegen","WholeStageCodegen (128)",289422,488,true,"211:333","Sort:HashAggregate:HashAggregate:Sort","489:490:491:492",false,false,"NONE"
1,"Sort","",0,489,true,"211:333","","",false,false,"NONE"
1,"HashAggregate","",163008,490,true,"211:333","","",false,false,"NONE"
1,"HashAggregate","",156945,491,true,"211:333","","",false,false,"NONE"
1,"Sort","",0,492,true,"211:333","","",false,false,"NONE"
1,"Exchange","",15341,493,true,"52","","",false,false,"NONE"
1,"WholeStageCodegen","WholeStageCodegen (75)",2366766,494,true,"52:297:210","Project:Project:BroadcastHashJoin:Project:BroadcastHashJoin:Project:BroadcastHashJoin:Project:SortMergeJoin","495:496:497:498:499:500:501:502:503",false,false,"NONE"
1,"Project","",0,495,true,"52:297:210","","",false,false,"NONE"
1,"Project","",0,496,true,"52:297:210","","",false,false,"NONE"
1,"BroadcastHashJoin","",0,497,true,"52:297:210","","",false,false,"NONE"
1,"Project","",0,498,true,"52:297:210","","",false,false,"NONE"
1,"BroadcastHashJoin","",0,499,true,"52:297:210","","",false,false,"NONE"
1,"Project","",0,500,true,"52:297:210","","",false,false,"NONE"
1,"BroadcastHashJoin","",0,501,true,"52:297:210","","",false,false,"NONE"
1,"Project","",0,502,true,"52:297:210","","",false,false,"NONE"
1,"SortMergeJoin","",0,503,true,"52:297:210","","",false,false,"NONE"
1,"WholeStageCodegen","WholeStageCodegen (73)",2645892,504,true,"52:297:210","Sort","505",false,false,"NONE"
1,"Sort","",0,505,true,"52:297:210","","",false,false,"NONE"
1,"Exchange","",1491933,506,true,"36","","",false,false,"NONE"
1,"WholeStageCodegen","WholeStageCodegen (59)",8891116,507,true,"36:284:51:197","Project:BroadcastHashJoin:Project:Filter:ColumnarToRow","508:509:510:511:512",false,false,"NONE"
1,"Project","",0,508,true,"36:284:51:197","","",false,false,"NONE"
1,"BroadcastHashJoin","",0,509,true,"36:284:51:197","","",false,false,"NONE"
1,"Project","",0,510,true,"36:284:51:197","","",false,false,"NONE"
1,"Filter","",0,511,true,"36:284:51:197","","",false,false,"NONE"
1,"ColumnarToRow","",0,512,false,"36:284:51:197","","",true,false,"IgnoreNoPerf"
1,"Scan parquet","Format: parquet",8159684,513,true,"36:284:51:197","","",false,false,"NONE"
1,"WholeStageCodegen","WholeStageCodegen (74)",0,514,true,"52:297:210","Sort","515",false,false,"NONE"
1,"Sort","",0,515,true,"52:297:210","","",false,false,"NONE"
1,"BroadcastExchange","",279007,516,true,"3","","",false,false,"NONE"
1,"WholeStageCodegen","WholeStageCodegen (53)",207450,517,true,"3","Filter:ColumnarToRow","518:519",false,false,"NONE"
1,"Filter","",0,518,true,"3","","",false,false,"NONE"
1,"ColumnarToRow","",0,519,false,"3","","",true,false,"IgnoreNoPerf"
1,"Scan parquet","Format: parquet",206840,520,true,"3","","",false,false,"NONE"
