executorId,time,reason
"179",1789110448891,"The executor with id 179 was deleted by a user or the framework."
"180",1789110448892,"The executor with id 180 was deleted by a user or the framework."
"181",1789110449892,"The executor with id 181 was deleted by a user or the framework."
"182",1789110449892,"The executor with id 182 was deleted by a user or the framework."
"183",1789110450893,"The executor with id 183 was deleted by a user or the framework."
"184",1789110450893,"The executor with id 184 was deleted by a user or the framework."
"185",1789110450893,"The executor with id 185 was deleted by a user or the framework."
"186",1789110450893,"The executor with id 186 was deleted by a user or the framework."
"187",1789110450893,"The executor with id 187 was deleted by a user or the framework."
"188",1789110451894,"The executor with id 188 was deleted by a user or the framework."
"189",1789110452895,"The executor with id 189 was deleted by a user or the framework."
"190",1789110452895,"The executor with id 190 was deleted by a user or the framework."
"191",1789110452895,"The executor with id 191 was deleted by a user or the framework."
"192",1789110452895,"The executor with id 192 was deleted by a user or the framework."
"193",1789110453896,"The executor with id 193 was deleted by a user or the framework."
"194",1789110453896,"The executor with id 194 was deleted by a user or the framework."
"195",1789110453896,"The executor with id 195 was deleted by a user or the framework."
"196",1789110453896,"The executor with id 196 was deleted by a user or the framework."
"197",1789110453896,"The executor with id 197 was deleted by a user or the framework."
"198",1789110455897,"The executor with id 198 was deleted by a user or the framework."
"199",1789110455897,"The executor with id 199 was deleted by a user or the framework."
"200",1789110455897,"The executor with id 200 was deleted by a user or the framework."
"201",1789110455897,"The executor with id 201 was deleted by a user or the framework."
"202",1789110455897,"The executor with id 202 was deleted by a user or the framework."
"203",1789110456898,"The executor with id 203 was deleted by a user or the framework."
"204",1789110456898,"The executor with id 204 was deleted by a user or the framework."
"205",1789110456898,"The executor with id 205 was deleted by a user or the framework."
"206",1789110456898,"The executor with id 206 was deleted by a user or the framework."
"207",1789110456898,"The executor with id 207 was deleted by a user or the framework."
"208",1789110524750,"The executor with id 208 was deleted by a user or the framework."
"209",1789110524750,"The executor with id 209 was deleted by a user or the framework."
"210",1789110524750,"The executor with id 210 was deleted by a user or the framework."
"211",1789110524750,"The executor with id 211 was deleted by a user or the framework."
"212",1789110524750,"The executor with id 212 was deleted by a user or the framework."
"213",1789110524750,"The executor with id 213 was deleted by a user or the framework."
"214",1789110524750,"The executor with id 214 was deleted by a user or the framework."
"215",1789110525750,"The executor with id 215 was deleted by a user or the framework."
"216",1789110525750,"The executor with id 216 was deleted by a user or the framework."
"217",1789110525750,"The executor with id 217 was deleted by a user or the framework."
"218",1789110526751,"The executor with id 218 was deleted by a user or the framework."
"219",1789110526751,"The executor with id 219 was deleted by a user or the framework."
"220",1789110526751,"The executor with id 220 was deleted by a user or the framework."
"221",1789110526751,"The executor with id 221 was deleted by a user or the framework."
"222",1789110526751,"The executor with id 222 was deleted by a user or the framework."
"223",1789110527751,"The executor with id 223 was deleted by a user or the framework."
"224",1789110528752,"The executor with id 224 was deleted by a user or the framework."
"225",1789110528752,"The executor with id 225 was deleted by a user or the framework."
"226",1789110528752,"The executor with id 226 was deleted by a user or the framework."
"227",1789110528752,"The executor with id 227 was deleted by a user or the framework."
"228",1789110529752,"The executor with id 228 was deleted by a user or the framework."
"229",1789110529752,"The executor with id 229 was deleted by a user or the framework."
"230",1789110529752,"The executor with id 230 was deleted by a user or the framework."
"231",1789110529752,"The executor with id 231 was deleted by a user or the framework."
"232",1789110529752,"The executor with id 232 was deleted by a user or the framework."
"233",1789110530753,"The executor with id 233 was deleted by a user or the framework."
"234",1789110530753,"The executor with id 234 was deleted by a user or the framework."
"235",1789110530753,"The executor with id 235 was deleted by a user or the framework."
"236",1789110530753,"The executor with id 236 was deleted by a user or the framework."
"237",1789110530753,"The executor with id 237 was deleted by a user or the framework."
"238",1789110532754,"The executor with id 238 was deleted by a user or the framework."
"239",1789110532754,"The executor with id 239 was deleted by a user or the framework."
"240",1789110532754,"The executor with id 240 was deleted by a user or the framework."
"241",1789110532754,"The executor with id 241 was deleted by a user or the framework."
"242",1789110532754,"The executor with id 242 was deleted by a user or the framework."
"243",1789110533755,"The executor with id 243 was deleted by a user or the framework."
"244",1789110533755,"The executor with id 244 was deleted by a user or the framework."
"245",1789110533755,"The executor with id 245 was deleted by a user or the framework."
"246",1789110533755,"The executor with id 246 was deleted by a user or the framework."
"247",1789110533755,"The executor with id 247 was deleted by a user or the framework."
"248",1789110536506,"The executor with id 248 was deleted by a user or the framework."
"249",1789110536506,"The executor with id 249 was deleted by a user or the framework."
"250",1789110536506,"The executor with id 250 was deleted by a user or the framework."
"251",1789110536506,"The executor with id 251 was deleted by a user or the framework."
"252",1789110536506,"The executor with id 252 was deleted by a user or the framework."
"253",1789110537506,"The executor with id 253 was deleted by a user or the framework."
"254",1789110537507,"The executor with id 254 was deleted by a user or the framework."
"255",1789110537507,"The executor with id 255 was deleted by a user or the framework."
"256",1789110537507,"The executor with id 256 was deleted by a user or the framework."
"257",1789110537507,"The executor with id 257 was deleted by a user or the framework."
"258",1789110538507,"The executor with id 258 was deleted by a user or the framework."
"259",1789110539508,"The executor with id 259 was deleted by a user or the framework."
"260",1789110539508,"The executor with id 260 was deleted by a user or the framework."
"261",1789110539508,"The executor with id 261 was deleted by a user or the framework."
"262",1789110539508,"The executor with id 262 was deleted by a user or the framework."
