sqlID,nodeID,nodeName,accumulatorId,name,min,median,max,total,metricType,stageIds
1,1,"Execute InsertIntoHadoopFsRelationCommand",2279,"number of written files",28,28,28,28,"sum","92"
1,1,"Execute InsertIntoHadoopFsRelationCommand",2280,"written output",4495184,4495184,4495184,4495184,"size","92"
1,1,"Execute InsertIntoHadoopFsRelationCommand",2281,"number of output rows",136673,136673,136673,136673,"sum","92"
1,1,"Execute InsertIntoHadoopFsRelationCommand",2282,"number of dynamic part",0,0,0,0,"sum","92"
1,1,"Execute InsertIntoHadoopFsRelationCommand",2283,"task commit time",429,3893,10828,109183,"timing","92"
1,1,"Execute InsertIntoHadoopFsRelationCommand",2284,"job commit time",1514,1514,1514,1514,"timing","92"
1,3,"WholeStageCodegen (24)",2285,"duration",1805,27931,53568,782278,"timing","92"
1,4,"Sort",2286,"sort time",0,0,6,30,"timing","92"
1,4,"Sort",2287,"peak memory",67371008,67380363,67633152,1886650368,"size","92"
1,4,"Sort",2288,"spill size",0,0,0,0,"size","92"
1,5,"AQEShuffleRead",2289,"number of partitions",28,28,28,28,"sum",""
1,5,"AQEShuffleRead",2290,"partition data size",1052884,1074555,2112333,31098809,"size",""
1,5,"AQEShuffleRead",2291,"number of coalesced partitions",28,28,28,28,"sum",""
1,6,"Exchange",2177,"data size",31592,46786,80088,30466440,"size","78,92"
1,6,"Exchange",2178,"number of partitions",800,800,800,800,"sum","78,92"
1,6,"Exchange",2179,"remote blocks read",3956,4207,8560,118002,"sum","78,92"
1,6,"Exchange",2180,"local blocks read",19,34,63,1136,"sum","78,92"
1,6,"Exchange",2181,"remote bytes read",993533,1049781,2000368,29393995,"size","78,92"
1,6,"Exchange",2183,"local bytes read",4571,10121,14999,283558,"size","78,92"
1,6,"Exchange",2184,"fetch wait time",0,0,0,0,"timing","78,92"
1,6,"Exchange",2185,"records read",4612,4874,9908,136673,"sum","78,92"
1,6,"Exchange",2194,"remote reqs duration",418,642,1436,18134,"timing","78,92"
1,6,"Exchange",2196,"shuffle bytes written",30876,45560,75528,29677553,"size","78,92"
1,6,"Exchange",2197,"shuffle records written",142,149,359,136673,"sum","78,92"
1,6,"Exchange",2198,"shuffle write time",474534,1273909,19726391,826871396,"nsTiming","78,92"
1,7,"WholeStageCodegen (23)",2199,"duration",70,283,1662,764673,"timing","65,78"
1,8,"HashAggregate",2200,"number of output rows",142,150,359,410019,"sum","65,78"
1,8,"HashAggregate",2201,"peak memory",67371008,67371008,67371008,131171352576,"size","65,78"
1,8,"HashAggregate",2203,"time in aggregation build",60,252,1647,692294,"timing","65,78"
1,8,"HashAggregate",2204,"avg hash probes per key",10,10,10,19470,"average","65,78"
1,9,"AQEShuffleRead",2206,"number of partitions",649,649,649,649,"sum",""
1,9,"AQEShuffleRead",2207,"partition data size",1788528,2391379,4298829,1788444641,"size",""
1,9,"AQEShuffleRead",2208,"number of coalesced partitions",151,151,151,151,"sum",""
1,10,"Exchange",2095,"data size",18161928,18258744,18335504,7303537944,"size","52,65,78"
1,10,"Exchange",2096,"number of partitions",800,800,800,800,"sum","52,65,78"
1,10,"Exchange",2097,"remote blocks read",392,392,800,950396,"sum","52,65,78"
1,10,"Exchange",2098,"local blocks read",4,4,16,9604,"sum","52,65,78"
1,10,"Exchange",2099,"remote bytes read",1687342,2600419,4089821,5063188476,"size","52,65,78"
1,10,"Exchange",2101,"local bytes read",16860,27215,82449,51137196,"size","52,65,78"
1,10,"Exchange",2102,"fetch wait time",0,101,1449,254608,"timing","52,65,78"
1,10,"Exchange",2103,"records read",26886,41621,66676,81346002,"sum","52,65,78"
1,10,"Exchange",2112,"remote reqs duration",393,3943,79553,6806898,"timing","52,65,78"
1,10,"Exchange",2114,"shuffle bytes written",4238507,4261835,4286401,1704775224,"size","52,65,78"
1,10,"Exchange",2115,"shuffle records written",67435,67695,68071,27115334,"sum","52,65,78"
1,10,"Exchange",2116,"shuffle write time",4985100,7491044,133660014,2996457318,"nsTiming","52,65,78"
1,11,"WholeStageCodegen (22)",2117,"duration",1995,3551,4373,1459606,"timing","52"
1,12,"HashAggregate",2118,"number of output rows",67435,67695,68071,27115334,"sum","52"
1,12,"HashAggregate",2119,"peak memory",67371008,67371008,67371008,26948403200,"size","52"
1,12,"HashAggregate",2121,"time in aggregation build",1938,3128,3940,1286206,"timing","52"
1,12,"HashAggregate",2122,"avg hash probes per key",11,11,11,4400,"average","52"
1,13,"HashAggregate",2124,"number of output rows",762285,764186,766398,305713034,"sum","52"
1,13,"HashAggregate",2125,"peak memory",234881024,234881024,234881024,93952409600,"size","52"
1,13,"HashAggregate",2127,"time in aggregation build",1416,2270,3035,946429,"timing","52"
1,13,"HashAggregate",2128,"avg hash probes per key",15,15,15,6000,"average","52"
1,14,"AQEShuffleRead",2130,"number of partitions",400,400,400,400,"sum",""
1,14,"AQEShuffleRead",2131,"partition data size",54704908,55086702,55383914,22034578992,"size",""
1,14,"AQEShuffleRead",2132,"number of coalesced partitions",400,400,400,400,"sum",""
1,15,"Exchange",1976,"data size",135817288,272172300,817466656,99342920208,"size","40,52"
1,15,"Exchange",1977,"number of partitions",800,800,800,800,"sum","40,52"
1,15,"Exchange",1978,"remote blocks read",718,718,730,288984,"sum","40,52"
1,15,"Exchange",1979,"local blocks read",8,8,12,3016,"sum","40,52"
1,15,"Exchange",1980,"remote bytes read",51257439,51789058,52545294,20715663698,"size","40,52"
1,15,"Exchange",1982,"local bytes read",283286,613069,931871,215830679,"size","40,52"
1,15,"Exchange",1983,"fetch wait time",0,0,66,307,"timing","40,52"
1,15,"Exchange",1984,"records read",1049817,1055620,1061389,422287417,"sum","40,52"
1,15,"Exchange",1993,"remote reqs duration",2720,46731,107507,18730877,"timing","40,52"
1,15,"Exchange",1995,"shuffle bytes written",28652332,57346468,172593635,20931494377,"size","40,52"
1,15,"Exchange",1996,"shuffle records written",577341,1156861,3474844,422287417,"sum","40,52"
1,15,"Exchange",1997,"shuffle write time",18528408,48613813,454243608,17744075521,"nsTiming","40,52"
1,16,"WholeStageCodegen (21)",1998,"duration",1470,3856,11446,1443243,"timing","40"
1,17,"HashAggregate",1999,"number of output rows",577341,1156861,3474844,422287417,"sum","40"
1,17,"HashAggregate",2000,"peak memory",234881024,398792036,1073741824,145559126016,"size","40"
1,17,"HashAggregate",2002,"time in aggregation build",1074,2673,9475,1008340,"timing","40"
1,17,"HashAggregate",2003,"avg hash probes per key",13,13,15,5143,"average","40"
1,18,"Expand",2005,"number of output rows",1012413,2031393,6090504,741491349,"sum","40"
1,20,"SortMergeJoin",2006,"number of output rows",337471,677064,2030168,247163783,"sum","40"
1,20,"SortMergeJoin",2007,"spill size",0,0,0,0,"size","40"
1,21,"WholeStageCodegen (19)",2009,"duration",1103,4090,13581,1526347,"timing","40"
1,22,"Sort",2010,"sort time",0,0,28,3201,"timing","40"
1,22,"Sort",2011,"peak memory",83886080,165381889,402653184,60364423168,"size","40"
1,22,"Sort",2012,"spill size",0,0,0,0,"size","40"
1,23,"AQEShuffleRead",2013,"number of partitions",365,365,365,365,"sum",""
1,23,"AQEShuffleRead",2014,"partition data size",16276388,32315766,93200512,11794799197,"size",""
1,23,"AQEShuffleRead",2015,"number of coalesced partitions",213,213,213,213,"sum",""
1,24,"Exchange",1827,"data size",5476992,143029627,541223104,38331958464,"size","29,40"
1,24,"Exchange",1828,"number of partitions",800,800,800,800,"sum","29,40"
1,24,"Exchange",1829,"remote blocks read",256,259,532,127141,"sum","29,40"
1,24,"Exchange",1830,"local blocks read",2,2,18,1499,"sum","29,40"
1,24,"Exchange",1831,"remote bytes read",15019731,30463360,87939340,11119159870,"size","29,40"
1,24,"Exchange",1833,"local bytes read",58635,363798,2020739,132818560,"size","29,40"
1,24,"Exchange",1834,"fetch wait time",0,0,283,1297,"timing","29,40"
1,24,"Exchange",1835,"records read",337471,677064,2030168,247163783,"sum","29,40"
1,24,"Exchange",1844,"remote reqs duration",2628,18508,41353,6788531,"timing","29,40"
1,24,"Exchange",1846,"shuffle bytes written",1711888,41984922,151762826,11251978430,"size","29,40"
1,24,"Exchange",1847,"shuffle records written",34425,922182,3404746,247163783,"sum","29,40"
1,24,"Exchange",1848,"shuffle write time",4048690,24518330,95130712,6570929720,"nsTiming","29,40"
1,25,"WholeStageCodegen (18)",1849,"duration",208,1173,3624,331951,"timing","29"
1,27,"SortMergeJoin",1850,"number of output rows",34425,922182,3404746,247163783,"sum","29"
1,27,"SortMergeJoin",1851,"spill size",0,0,0,0,"size","29"
1,28,"WholeStageCodegen (16)",1853,"duration",214,1418,3771,396705,"timing","29"
1,29,"Sort",1854,"sort time",0,0,49,3673,"timing","29"
1,29,"Sort",1855,"peak memory",69206016,204722661,603979776,54865690624,"size","29"
1,29,"Sort",1856,"spill size",0,0,0,0,"size","29"
1,30,"AQEShuffleRead",1857,"number of partitions",268,268,268,268,"sum",""
1,30,"AQEShuffleRead",1858,"partition data size",1481193,24005339,109021125,8650287707,"size",""
1,30,"AQEShuffleRead",1859,"number of coalesced partitions",153,153,153,153,"sum",""
1,31,"Exchange",1640,"data size",34390776,71715604,92620096,31411482304,"size","20,29"
1,31,"Exchange",1641,"number of partitions",800,800,800,800,"sum","20,29"
1,31,"Exchange",1642,"remote blocks read",430,1221,3464,345071,"sum","20,29"
1,31,"Exchange",1643,"local blocks read",4,4,56,4015,"sum","20,29"
1,31,"Exchange",1644,"remote bytes read",1398552,30402266,102654718,8147825320,"size","20,29"
1,31,"Exchange",1646,"local bytes read",13450,360503,1472881,96632550,"size","20,29"
1,31,"Exchange",1647,"fetch wait time",0,0,237,1878,"timing","20,29"
1,31,"Exchange",1648,"records read",34425,922182,3404746,247163783,"sum","20,29"
1,31,"Exchange",1657,"remote reqs duration",568,22136,41308,5951757,"timing","20,29"
1,31,"Exchange",1659,"shuffle bytes written",9526351,18822851,25550209,8244457870,"size","20,29"
1,31,"Exchange",1660,"shuffle records written",269523,564190,724959,247163783,"sum","20,29"
1,31,"Exchange",1661,"shuffle write time",8626437,18317532,115677352,8023126345,"nsTiming","20,29"
1,32,"WholeStageCodegen (15)",1662,"duration",425,930,1848,457223,"timing","20"
1,34,"SortMergeJoin",1663,"number of output rows",269523,564190,724959,247163783,"sum","20"
1,34,"SortMergeJoin",1664,"spill size",0,0,0,0,"size","20"
1,35,"WholeStageCodegen (13)",1666,"duration",465,1034,1967,501523,"timing","20"
1,36,"Sort",1667,"sort time",6,6,86,7898,"timing","20"
1,36,"Sort",1668,"peak memory",83886080,94802655,100663296,41523609600,"size","20"
1,36,"Sort",1669,"spill size",0,0,0,0,"size","20"
1,37,"AQEShuffleRead",1670,"number of partitions",438,438,438,438,"sum",""
1,37,"AQEShuffleRead",1671,"partition data size",8822677,19128328,23551350,8019158150,"size",""
1,37,"AQEShuffleRead",1672,"number of coalesced partitions",338,338,338,338,"sum",""
1,38,"Exchange",1428,"data size",20019912,27187819,34781736,21750412904,"size","13,20"
1,38,"Exchange",1429,"number of partitions",800,800,800,800,"sum","13,20"
1,38,"Exchange",1430,"remote blocks read",788,1306,2379,632210,"sum","13,20"
1,38,"Exchange",1431,"local blocks read",4,4,36,7790,"sum","13,20"
1,38,"Exchange",1432,"remote bytes read",8370081,17235061,22196220,7549007027,"size","13,20"
1,38,"Exchange",1434,"local bytes read",43285,212087,351292,92942352,"size","13,20"
1,38,"Exchange",1435,"fetch wait time",0,0,12,42,"timing","13,20"
1,38,"Exchange",1436,"records read",269523,564190,724959,247163783,"sum","13,20"
1,38,"Exchange",1445,"remote reqs duration",1610,5935,28261,2645249,"timing","13,20"
1,38,"Exchange",1447,"shuffle bytes written",7065146,9552239,12189530,7641949379,"size","13,20"
1,38,"Exchange",1448,"shuffle records written",227499,308752,395247,247163783,"sum","13,20"
1,38,"Exchange",1449,"shuffle write time",6565408,14316389,2065457730,11453276508,"nsTiming","13,20"
1,39,"WholeStageCodegen (12)",1450,"duration",1256,4726,8641,3947418,"timing","13"
1,41,"SortMergeJoin",1451,"number of output rows",227499,308752,395247,247163783,"sum","13"
1,41,"SortMergeJoin",1452,"spill size",0,0,0,0,"size","13"
1,42,"WholeStageCodegen (10)",1454,"duration",1302,4830,8675,4024276,"timing","13"
1,43,"Sort",1455,"sort time",40,42,168,51590,"timing","13"
1,43,"Sort",1456,"peak memory",201326592,201326592,201326592,161061273600,"size","13"
1,43,"Sort",1457,"spill size",0,0,0,0,"size","13"
1,44,"Exchange",1185,"data size",88326640,115001579,141466480,92001422720,"size","8,13"
1,44,"Exchange",1186,"number of partitions",800,800,800,800,"sum","8,13"
1,44,"Exchange",1187,"remote blocks read",772,772,800,632125,"sum","8,13"
1,44,"Exchange",1188,"local blocks read",4,4,28,7875,"sum","8,13"
1,44,"Exchange",1189,"remote bytes read",42331074,46062346,49672116,36850036356,"size","8,13"
1,44,"Exchange",1191,"local bytes read",206766,613735,1708455,459218501,"size","8,13"
1,44,"Exchange",1192,"fetch wait time",0,3124,7503,2660308,"timing","8,13"
1,44,"Exchange",1193,"records read",1304989,1437320,1559174,1150017784,"sum","8,13"
1,44,"Exchange",1202,"remote reqs duration",4913,25987,53175,20947033,"timing","8,13"
1,44,"Exchange",1204,"shuffle bytes written",36136529,46636374,57160520,37309254857,"size","8,13"
1,44,"Exchange",1205,"shuffle records written",1104083,1437326,1768331,1150017784,"sum","8,13"
1,44,"Exchange",1206,"shuffle write time",21258376,30488040,60818058,24390592114,"nsTiming","8,13"
1,45,"WholeStageCodegen (9)",1207,"duration",7272,25009,63079,20161706,"timing","8"
1,47,"SortMergeJoin",1208,"number of output rows",1104083,1437326,1768331,1150017784,"sum","8"
1,47,"SortMergeJoin",1209,"spill size",0,0,0,0,"size","8"
1,49,"Sort",1212,"sort time",99,102,446,104978,"timing","8"
1,49,"Sort",1213,"peak memory",335544320,398039242,402653184,318431559680,"size","8"
1,49,"Sort",1214,"spill size",0,0,0,0,"size","8"
1,50,"Exchange",614,"data size",154246400,154439962,254611200,160000000000,"size","0,8"
1,50,"Exchange",615,"number of partitions",800,800,800,800,"sum","0,8"
1,50,"Exchange",616,"remote blocks read",808,945,1036,814628,"sum","0,8"
1,50,"Exchange",617,"local blocks read",4,4,228,14172,"sum","0,8"
1,50,"Exchange",618,"remote bytes read",81370120,102970051,114898183,82376197367,"size","0,8"
1,50,"Exchange",620,"local bytes read",365511,2573173,24198536,1435909503,"size","0,8"
1,50,"Exchange",621,"fetch wait time",0,21269,58865,17177954,"timing","0,8"
1,50,"Exchange",622,"records read",2786247,3124804,3452922,2500000000,"sum","0,8"
1,50,"Exchange",631,"remote reqs duration",27598,86565,182048,69412767,"timing","0,8"
1,50,"Exchange",633,"shuffle bytes written",80785879,80899451,133236120,83812106870,"size","0,8"
1,50,"Exchange",634,"shuffle records written",2410100,2412962,3978300,2500000000,"sum","0,8"
1,50,"Exchange",635,"shuffle write time",38774142,66084093,471108143,68463386511,"nsTiming","0,8"
1,51,"WholeStageCodegen (1)",636,"duration",123,4664,34198,5139430,"timing","0"
1,52,"Filter",637,"number of output rows",2410100,2412962,3978300,2500000000,"sum","0"
1,53,"ColumnarToRow",638,"number of output rows",2410100,2412962,3978300,2500000000,"sum","0"
1,53,"ColumnarToRow",639,"number of input batches",589,589,972,610970,"sum","0"
1,54,"Scan parquet spark_catalog.demo_pauldefusco.trs_v25",242,"number of output rows",2410100,2412962,3978300,2500000000,"sum","0"
1,54,"Scan parquet spark_catalog.demo_pauldefusco.trs_v25",243,"scan time",122,3829,31015,4248928,"timing","0"
1,54,"Scan parquet spark_catalog.demo_pauldefusco.trs_v25",244,"number of files read",2,2,2,2,"sum","0"
1,54,"Scan parquet spark_catalog.demo_pauldefusco.trs_v25",245,"metadata time",7,7,7,7,"timing","0"
1,54,"Scan parquet spark_catalog.demo_pauldefusco.trs_v25",246,"size of files read",139988262866,139988262866,139988262866,139988262866,"size","0"
1,55,"WholeStageCodegen (8)",1215,"duration",14644,50297,126216,40396856,"timing","8"
1,56,"Sort",1216,"sort time",0,0,0,0,"timing","8"
1,56,"Sort",1217,"peak memory",67239936,67239936,67239936,53791948800,"size","8"
1,56,"Sort",1218,"spill size",0,0,0,0,"size","8"
1,57,"Exchange",643,"data size",2560000,2560000,2560000,64000000,"size","1,8"
1,57,"Exchange",644,"number of partitions",800,800,800,800,"sum","1,8"
1,57,"Exchange",645,"remote blocks read",21,21,25,19541,"sum","1,8"
1,57,"Exchange",646,"local blocks read",1,1,4,459,"sum","1,8"
1,57,"Exchange",647,"remote bytes read",20041,24108,26424,19446498,"size","1,8"
1,57,"Exchange",649,"local bytes read",820,1971,4342,457729,"size","1,8"
1,57,"Exchange",650,"fetch wait time",0,0,4479,5337,"timing","1,8"
1,57,"Exchange",651,"records read",2345,2408,2669,2000000,"sum","1,8"
1,57,"Exchange",660,"remote reqs duration",130,14878,46669,12055511,"timing","1,8"
1,57,"Exchange",662,"shuffle bytes written",794545,796163,797384,19904227,"size","1,8"
1,57,"Exchange",663,"shuffle records written",80000,80000,80000,2000000,"sum","1,8"
1,57,"Exchange",664,"shuffle write time",3431489,4030642,5764910,100766177,"nsTiming","1,8"
1,58,"WholeStageCodegen (2)",665,"duration",6111,9077,17414,227098,"timing","1"
1,59,"Filter",666,"number of output rows",80000,80000,80000,2000000,"sum","1"
1,60,"ColumnarToRow",667,"number of output rows",80000,80000,80000,2000000,"sum","1"
1,60,"ColumnarToRow",668,"number of input batches",32,32,32,800,"sum","1"
1,61,"Scan parquet spark_catalog.demo_pauldefusco.customers_skewed",273,"number of output rows",80000,80000,80000,2000000,"sum","1"
1,61,"Scan parquet spark_catalog.demo_pauldefusco.customers_skewed",274,"scan time",6057,9027,17369,225810,"timing","1"
1,61,"Scan parquet spark_catalog.demo_pauldefusco.customers_skewed",275,"number of files read",800,800,800,800,"sum","1"
1,61,"Scan parquet spark_catalog.demo_pauldefusco.customers_skewed",276,"metadata time",2,2,2,2,"timing","1"
1,61,"Scan parquet spark_catalog.demo_pauldefusco.customers_skewed",277,"size of files read",42431919,42431919,42431919,42431919,"size","1"
1,63,"Sort",1459,"sort time",0,0,0,0,"timing","13"
1,63,"Sort",1460,"peak memory",67239936,67239936,67239936,53791948800,"size","13"
1,63,"Sort",1461,"spill size",0,0,0,0,"size","13"
1,64,"Exchange",672,"data size",3839360,3839996,3840736,96000000,"size","2,13"
1,64,"Exchange",673,"number of partitions",800,800,800,800,"sum","2,13"
1,64,"Exchange",674,"remote blocks read",22,22,25,19803,"sum","2,13"
1,64,"Exchange",675,"local blocks read",1,1,3,197,"sum","2,13"
1,64,"Exchange",676,"remote bytes read",24931,28905,30688,23284323,"size","2,13"
1,64,"Exchange",678,"local bytes read",1001,2005,3732,231669,"size","2,13"
1,64,"Exchange",679,"fetch wait time",0,0,4505,155116,"timing","2,13"
1,64,"Exchange",680,"records read",3552,3650,3959,3000000,"sum","2,13"
1,64,"Exchange",689,"remote reqs duration",44,12051,30576,9797406,"timing","2,13"
1,64,"Exchange",691,"shuffle bytes written",939851,940634,941223,23515992,"size","2,13"
1,64,"Exchange",692,"shuffle records written",119980,119995,120023,3000000,"sum","2,13"
1,64,"Exchange",693,"shuffle write time",3598464,3892315,4609881,97308062,"nsTiming","2,13"
1,65,"WholeStageCodegen (3)",694,"duration",6930,11280,16520,282184,"timing","2"
1,66,"Filter",695,"number of output rows",119980,119995,120023,3000000,"sum","2"
1,67,"ColumnarToRow",696,"number of output rows",119980,119995,120023,3000000,"sum","2"
1,67,"ColumnarToRow",697,"number of input batches",32,32,32,800,"sum","2"
1,68,"Scan parquet spark_catalog.demo_pauldefusco.accounts_skewed",304,"number of output rows",119980,119995,120023,3000000,"sum","2"
1,68,"Scan parquet spark_catalog.demo_pauldefusco.accounts_skewed",305,"scan time",6879,11207,16467,280330,"timing","2"
1,68,"Scan parquet spark_catalog.demo_pauldefusco.accounts_skewed",306,"number of files read",800,800,800,800,"sum","2"
1,68,"Scan parquet spark_catalog.demo_pauldefusco.accounts_skewed",307,"metadata time",1,1,1,1,"timing","2"
1,68,"Scan parquet spark_catalog.demo_pauldefusco.accounts_skewed",308,"size of files read",83622504,83622504,83622504,83622504,"size","2"
1,69,"WholeStageCodegen (14)",1673,"duration",443,970,1924,473780,"timing","20"
1,70,"Sort",1674,"sort time",0,0,3,5,"timing","20"
1,70,"Sort",1675,"peak memory",67174400,67174400,67174400,29422387200,"size","20"
1,70,"Sort",1676,"spill size",0,0,0,0,"size","20"
1,71,"AQEShuffleRead",1677,"number of partitions",438,438,438,438,"sum",""
1,71,"AQEShuffleRead",1678,"partition data size",15028,31671,48741,12738592,"size",""
1,71,"AQEShuffleRead",1679,"number of coalesced partitions",338,338,338,338,"sum",""
1,72,"Exchange",701,"data size",1099176,1101488,1102864,27537360,"size","3,20"
1,72,"Exchange",702,"number of partitions",800,800,800,800,"sum","3,20"
1,72,"Exchange",703,"remote blocks read",22,22,75,19795,"sum","3,20"
1,72,"Exchange",704,"local blocks read",1,1,9,205,"sum","3,20"
1,72,"Exchange",705,"remote bytes read",13156,27345,46432,12026470,"size","3,20"
1,72,"Exchange",707,"local bytes read",456,2072,5405,123061,"size","3,20"
1,72,"Exchange",708,"fetch wait time",0,0,0,0,"timing","3,20"
1,72,"Exchange",709,"records read",578,1014,1910,500000,"sum","3,20"
1,72,"Exchange",718,"remote reqs duration",23,528,5524,279016,"timing","3,20"
1,72,"Exchange",720,"shuffle bytes written",484235,485976,487175,12149531,"size","3,20"
1,72,"Exchange",721,"shuffle records written",19980,19994,20012,500000,"sum","3,20"
1,72,"Exchange",722,"shuffle write time",3038463,3575891,5156688,89397418,"nsTiming","3,20"
1,73,"WholeStageCodegen (4)",723,"duration",6517,9797,17776,245092,"timing","3"
1,74,"Filter",724,"number of output rows",19980,19994,20012,500000,"sum","3"
1,75,"ColumnarToRow",725,"number of output rows",19980,19994,20012,500000,"sum","3"
1,75,"ColumnarToRow",726,"number of input batches",32,32,32,800,"sum","3"
1,76,"Scan parquet spark_catalog.demo_pauldefusco.merchants_skewed",335,"number of output rows",19980,19994,20012,500000,"sum","3"
1,76,"Scan parquet spark_catalog.demo_pauldefusco.merchants_skewed",336,"scan time",6488,9769,17753,244383,"timing","3"
1,76,"Scan parquet spark_catalog.demo_pauldefusco.merchants_skewed",337,"number of files read",800,800,800,800,"sum","3"
1,76,"Scan parquet spark_catalog.demo_pauldefusco.merchants_skewed",338,"metadata time",0,0,0,0,"timing","3"
1,76,"Scan parquet spark_catalog.demo_pauldefusco.merchants_skewed",339,"size of files read",13585953,13585953,13585953,13585953,"size","3"
1,77,"WholeStageCodegen (17)",1860,"duration",201,1251,3654,352313,"timing","29"
1,78,"Sort",1861,"sort time",0,0,0,0,"timing","29"
1,78,"Sort",1862,"peak memory",67174400,67174400,67174400,18002739200,"size","29"
1,78,"Sort",1863,"spill size",0,0,0,0,"size","29"
1,79,"AQEShuffleRead",1864,"number of partitions",268,268,268,268,"sum",""
1,79,"AQEShuffleRead",1865,"partition data size",171,696,2219,254771,"size",""
1,79,"AQEShuffleRead",1866,"number of coalesced partitions",153,153,153,153,"sum",""
1,80,"Exchange",730,"data size",129944,130000,130056,260000,"size","4,29"
1,80,"Exchange",731,"number of partitions",800,800,800,800,"sum","4,29"
1,80,"Exchange",732,"remote blocks read",1,1,15,1472,"sum","4,29"
1,80,"Exchange",733,"local blocks read",1,1,7,65,"sum","4,29"
1,80,"Exchange",734,"remote bytes read",102,805,2138,233558,"size","4,29"
1,80,"Exchange",736,"local bytes read",102,484,1098,10290,"size","4,29"
1,80,"Exchange",737,"fetch wait time",0,0,106,363,"timing","4,29"
1,80,"Exchange",738,"records read",2,2,37,5000,"sum","4,29"
1,80,"Exchange",747,"remote reqs duration",5,464,1100,141460,"timing","4,29"
1,80,"Exchange",749,"shuffle bytes written",121502,121924,122346,243848,"size","4,29"
1,80,"Exchange",750,"shuffle records written",2500,2500,2500,5000,"sum","4,29"
1,80,"Exchange",751,"shuffle write time",2771787,2793385,2814983,5586770,"nsTiming","4,29"
1,81,"WholeStageCodegen (5)",752,"duration",5462,8136,10811,16273,"timing","4"
1,82,"Filter",753,"number of output rows",2500,2500,2500,5000,"sum","4"
1,83,"ColumnarToRow",754,"number of output rows",2500,2500,2500,5000,"sum","4"
1,83,"ColumnarToRow",755,"number of input batches",25,25,25,50,"sum","4"
1,84,"Scan parquet spark_catalog.demo_pauldefusco.branches_skewed",366,"number of output rows",2500,2500,2500,5000,"sum","4"
1,84,"Scan parquet spark_catalog.demo_pauldefusco.branches_skewed",367,"scan time",5445,8119,10794,16239,"timing","4"
1,84,"Scan parquet spark_catalog.demo_pauldefusco.branches_skewed",368,"number of files read",50,50,50,50,"sum","4"
1,84,"Scan parquet spark_catalog.demo_pauldefusco.branches_skewed",369,"metadata time",0,0,0,0,"timing","4"
1,84,"Scan parquet spark_catalog.demo_pauldefusco.branches_skewed",370,"size of files read",360683,360683,360683,360683,"size","4"
1,85,"WholeStageCodegen (20)",2016,"duration",301,2956,12991,1108267,"timing","40"
1,86,"Sort",2017,"sort time",0,0,1,1,"timing","40"
1,86,"Sort",2018,"peak memory",67174400,67174400,67174400,24518656000,"size","40"
1,86,"Sort",2019,"spill size",0,0,0,0,"size","40"
1,87,"AQEShuffleRead",2020,"number of partitions",365,365,365,365,"sum",""
1,87,"AQEShuffleRead",2021,"partition data size",97,117,214,50986,"size",""
1,87,"AQEShuffleRead",2022,"number of coalesced partitions",213,213,213,213,"sum",""
1,88,"Exchange",759,"data size",29240,29240,29240,29240,"size","5,40"
1,88,"Exchange",760,"number of partitions",800,800,800,800,"sum","5,40"
1,88,"Exchange",761,"remote blocks read",1,1,2,476,"sum","5,40"
1,88,"Exchange",762,"local blocks read",1,1,1,4,"sum","5,40"
1,88,"Exchange",763,"remote bytes read",90,90,200,47392,"size","5,40"
1,88,"Exchange",765,"local bytes read",90,103,110,415,"size","5,40"
1,88,"Exchange",766,"fetch wait time",0,0,0,0,"timing","5,40"
1,88,"Exchange",767,"records read",1,1,6,731,"sum","5,40"
1,88,"Exchange",776,"remote reqs duration",6,119,564,73553,"timing","5,40"
1,88,"Exchange",778,"shuffle bytes written",47807,47807,47807,47807,"size","5,40"
1,88,"Exchange",779,"shuffle records written",731,731,731,731,"sum","5,40"
1,88,"Exchange",780,"shuffle write time",2299730,2299730,2299730,2299730,"nsTiming","5,40"
1,89,"WholeStageCodegen (6)",781,"duration",252,252,252,252,"timing","5"
1,90,"Filter",782,"number of output rows",731,731,731,731,"sum","5"
1,91,"ColumnarToRow",783,"number of output rows",731,731,731,731,"sum","5"
1,91,"ColumnarToRow",784,"number of input batches",1,1,1,1,"sum","5"
1,92,"Scan parquet spark_catalog.demo_pauldefusco.calendar",397,"number of output rows",731,731,731,731,"sum","5"
1,92,"Scan parquet spark_catalog.demo_pauldefusco.calendar",398,"scan time",229,229,229,229,"timing","5"
1,92,"Scan parquet spark_catalog.demo_pauldefusco.calendar",399,"number of files read",1,1,1,1,"sum","5"
1,92,"Scan parquet spark_catalog.demo_pauldefusco.calendar",400,"metadata time",0,0,0,0,"timing","5"
1,92,"Scan parquet spark_catalog.demo_pauldefusco.calendar",401,"size of files read",10508,10508,10508,10508,"size","5"
2,1,"WholeStageCodegen (23)",4215,"duration",9,9,9,9,"timing","158"
2,2,"HashAggregate",4216,"number of output rows",1,1,1,1,"sum","158"
2,2,"HashAggregate",4219,"time in aggregation build",9,9,9,9,"timing","158"
2,3,"Exchange",4142,"data size",16,16,16,3184,"size","145,158"
2,3,"Exchange",4143,"number of partitions",1,1,1,1,"sum","145,158"
2,3,"Exchange",4144,"remote blocks read",198,198,198,198,"sum","145,158"
2,3,"Exchange",4145,"local blocks read",1,1,1,1,"sum","145,158"
2,3,"Exchange",4146,"remote bytes read",14850,14850,14850,14850,"size","145,158"
2,3,"Exchange",4148,"local bytes read",75,75,75,75,"size","145,158"
2,3,"Exchange",4149,"fetch wait time",0,0,0,0,"timing","145,158"
2,3,"Exchange",4150,"records read",199,199,199,199,"sum","145,158"
2,3,"Exchange",4159,"remote reqs duration",592,592,592,592,"timing","145,158"
2,3,"Exchange",4161,"shuffle bytes written",75,75,75,14925,"size","145,158"
2,3,"Exchange",4162,"shuffle records written",1,1,1,199,"sum","145,158"
2,3,"Exchange",4163,"shuffle write time",573005,16404517,70561248,3264508564,"nsTiming","145,158"
2,4,"WholeStageCodegen (22)",4164,"duration",131,153,316,39106,"timing","145"
2,5,"HashAggregate",4165,"number of output rows",1,1,1,199,"sum","145"
2,5,"HashAggregate",4168,"time in aggregation build",129,150,314,38421,"timing","145"
2,6,"HashAggregate",4171,"number of output rows",608,651,1228,136673,"sum","145"
2,6,"HashAggregate",4172,"peak memory",262144,2285482,67371008,454819840,"size","145"
2,6,"HashAggregate",4174,"time in aggregation build",122,141,307,36269,"timing","145"
2,6,"HashAggregate",4175,"avg hash probes per key",10,10,10,60,"average","145"
2,7,"AQEShuffleRead",4177,"number of partitions",199,199,199,199,"sum",""
2,7,"AQEShuffleRead",4178,"partition data size",1052174,1124327,2003554,225062768,"size",""
2,7,"AQEShuffleRead",4179,"number of coalesced partitions",199,199,199,199,"sum",""
2,8,"Exchange",4055,"data size",648280,984040,3948448,472395584,"size","133,145"
2,8,"Exchange",4056,"number of partitions",800,800,800,800,"sum","133,145"
2,8,"Exchange",4057,"remote blocks read",1834,1895,3339,380603,"sum","133,145"
2,8,"Exchange",4058,"local blocks read",7,7,80,2133,"sum","133,145"
2,8,"Exchange",4059,"remote bytes read",1000011,1072820,1901333,213500506,"size","133,145"
2,8,"Exchange",4061,"local bytes read",2828,6020,47248,1206932,"size","133,145"
2,8,"Exchange",4062,"fetch wait time",0,0,0,0,"timing","133,145"
2,8,"Exchange",4063,"records read",13310,14971,26807,2989277,"sum","133,145"
2,8,"Exchange",4072,"remote reqs duration",1384,4429,12717,890878,"timing","133,145"
2,8,"Exchange",4074,"shuffle bytes written",337434,447187,1336290,214707438,"size","133,145"
2,8,"Exchange",4075,"shuffle records written",4104,6108,24984,2989277,"sum","133,145"
2,8,"Exchange",4076,"shuffle write time",2707824,3583057,17635691,1719926193,"nsTiming","133,145"
2,9,"WholeStageCodegen (21)",4077,"duration",327,873,2304,471998,"timing","133"
2,10,"HashAggregate",4078,"number of output rows",4104,6108,24984,2989277,"sum","133"
2,10,"HashAggregate",4079,"peak memory",262144,60660001,67371008,29116858368,"size","133"
2,10,"HashAggregate",4081,"time in aggregation build",321,802,2224,442322,"timing","133"
2,10,"HashAggregate",4082,"avg hash probes per key",10,10,10,4320,"average","133"
2,12,"SortMergeJoin",4084,"number of output rows",336932,514806,2030168,247163783,"sum","133"
2,12,"SortMergeJoin",4085,"spill size",0,0,0,0,"size","133"
2,13,"WholeStageCodegen (19)",4087,"duration",328,1020,2532,545784,"timing","133"
2,14,"Sort",4088,"sort time",0,0,31,1912,"timing","133"
2,14,"Sort",4089,"peak memory",83886080,124500809,402653184,59760443392,"size","133"
2,14,"Sort",4090,"spill size",0,0,0,0,"size","133"
2,15,"AQEShuffleRead",4091,"number of partitions",480,480,480,480,"sum",""
2,15,"AQEShuffleRead",4092,"partition data size",10515102,10612564,63201585,7808899348,"size",""
2,15,"AQEShuffleRead",4093,"number of coalesced partitions",183,183,183,183,"sum",""
2,16,"Exchange",3940,"data size",4530472,72645695,459509200,32400027672,"size","122,133"
2,16,"Exchange",3941,"number of partitions",800,800,800,800,"sum","122,133"
2,16,"Exchange",3942,"remote blocks read",427,430,446,212957,"sum","122,133"
2,16,"Exchange",3943,"local blocks read",1,1,19,1123,"sum","122,133"
2,16,"Exchange",3944,"remote bytes read",9720466,15414677,60227846,7399104288,"size","122,133"
2,16,"Exchange",3946,"local bytes read",3792,127783,1198017,41173823,"size","122,133"
2,16,"Exchange",3947,"fetch wait time",0,0,587,50309,"timing","122,133"
2,16,"Exchange",3948,"records read",336932,514806,2030168,247163783,"sum","122,133"
2,16,"Exchange",3957,"remote reqs duration",1523,10692,19548,5186799,"timing","122,133"
2,16,"Exchange",3959,"shuffle bytes written",1148095,16682126,99252275,7440278111,"size","122,133"
2,16,"Exchange",3960,"shuffle records written",34425,554068,3404746,247163783,"sum","122,133"
2,16,"Exchange",3961,"shuffle write time",2814730,12945655,63346328,5773812255,"nsTiming","122,133"
2,17,"WholeStageCodegen (18)",3962,"duration",68,546,2675,288022,"timing","122"
2,19,"SortMergeJoin",3963,"number of output rows",34425,554068,3404746,247163783,"sum","122"
2,19,"SortMergeJoin",3964,"spill size",0,0,0,0,"size","122"
2,20,"WholeStageCodegen (16)",3966,"duration",74,577,2789,304436,"timing","122"
2,21,"Sort",3967,"sort time",0,0,53,3306,"timing","122"
2,21,"Sort",3968,"peak memory",69206016,120111203,536870912,53569650688,"size","122"
2,21,"Sort",3969,"spill size",0,0,0,0,"size","122"
2,22,"AQEShuffleRead",3970,"number of partitions",446,446,446,446,"sum",""
2,22,"AQEShuffleRead",3971,"partition data size",1106147,6824648,75095829,5929348606,"size",""
2,22,"AQEShuffleRead",3972,"number of coalesced partitions",274,274,274,274,"sum",""
2,23,"Exchange",3791,"data size",13648688,31929066,61913296,25479551512,"size","113,122"
2,23,"Exchange",3792,"number of partitions",800,800,800,800,"sum","113,122"
2,23,"Exchange",3793,"remote blocks read",791,1308,3965,632274,"sum","113,122"
2,23,"Exchange",3794,"local blocks read",4,4,25,3732,"sum","113,122"
2,23,"Exchange",3795,"remote bytes read",1045880,12599010,71271074,5619209735,"size","113,122"
2,23,"Exchange",3797,"local bytes read",6379,73408,419145,32787340,"size","113,122"
2,23,"Exchange",3798,"fetch wait time",0,0,286,1216,"timing","113,122"
2,23,"Exchange",3799,"records read",34425,554068,3404746,247163783,"sum","113,122"
2,23,"Exchange",3808,"remote reqs duration",671,8528,34142,3851997,"timing","113,122"
2,23,"Exchange",3810,"shuffle bytes written",3904465,7082502,12035768,5651997075,"size","113,122"
2,23,"Exchange",3811,"shuffle records written",132986,309531,600917,247163783,"sum","113,122"
2,23,"Exchange",3812,"shuffle write time",5577349,9971132,47809010,7957122376,"nsTiming","113,122"
2,24,"WholeStageCodegen (15)",3813,"duration",245,529,1240,593796,"timing","113"
2,26,"SortMergeJoin",3814,"number of output rows",132986,309531,600917,247163783,"sum","113"
2,26,"SortMergeJoin",3815,"spill size",0,0,0,0,"size","113"
2,27,"WholeStageCodegen (13)",3817,"duration",249,647,1439,703075,"timing","113"
2,28,"Sort",3818,"sort time",3,3,158,7592,"timing","113"
2,28,"Sort",3819,"peak memory",75497472,80995067,100663296,64634224640,"size","113"
2,28,"Sort",3820,"spill size",0,0,0,0,"size","113"
2,29,"AQEShuffleRead",3821,"number of partitions",798,798,798,798,"sum",""
2,29,"AQEShuffleRead",3822,"partition data size",3481153,7224980,14115688,5947099613,"size",""
2,29,"AQEShuffleRead",3823,"number of coalesced partitions",2,2,2,2,"sum",""
2,30,"Exchange",3620,"data size",16379928,22244545,28457784,17795792376,"size","106,113"
2,30,"Exchange",3621,"number of partitions",800,800,800,800,"sum","106,113"
2,30,"Exchange",3622,"remote blocks read",792,792,1592,636391,"sum","106,113"
2,30,"Exchange",3623,"local blocks read",4,4,8,3609,"sum","106,113"
2,30,"Exchange",3624,"remote bytes read",3303190,7063758,13366911,5637034981,"size","106,113"
2,30,"Exchange",3626,"local bytes read",16299,39871,116771,31983138,"size","106,113"
2,30,"Exchange",3627,"fetch wait time",0,0,200,7652,"timing","106,113"
2,30,"Exchange",3628,"records read",132986,309531,600917,247163783,"sum","106,113"
2,30,"Exchange",3637,"remote reqs duration",2255,23079,51658,18575367,"timing","106,113"
2,30,"Exchange",3639,"shuffle bytes written",5263969,7086066,9037662,5669018119,"size","106,113"
2,30,"Exchange",3640,"shuffle records written",227499,308755,395247,247163783,"sum","106,113"
2,30,"Exchange",3641,"shuffle write time",5896026,8521342,35851406,6817235510,"nsTiming","106,113"
2,31,"WholeStageCodegen (12)",3642,"duration",1133,3291,4613,2781685,"timing","106"
2,33,"SortMergeJoin",3643,"number of output rows",227499,308755,395247,247163783,"sum","106"
2,33,"SortMergeJoin",3644,"spill size",0,0,0,0,"size","106"
2,34,"WholeStageCodegen (10)",3646,"duration",1140,3509,4855,2970399,"timing","106"
2,35,"Sort",3647,"sort time",43,43,151,49655,"timing","106"
2,35,"Sort",3648,"peak memory",201326592,201326592,201326592,161061273600,"size","106"
2,35,"Sort",3649,"spill size",0,0,0,0,"size","106"
2,36,"Exchange",3421,"data size",70661312,92001216,113173184,73601138176,"size","101,106"
2,36,"Exchange",3422,"number of partitions",800,800,800,800,"sum","101,106"
2,36,"Exchange",3423,"remote blocks read",792,792,796,636365,"sum","101,106"
2,36,"Exchange",3424,"local blocks read",4,4,8,3635,"sum","101,106"
2,36,"Exchange",3425,"remote bytes read",37328029,40921539,44334228,32737389461,"size","101,106"
2,36,"Exchange",3427,"local bytes read",177637,233627,431087,187065190,"size","101,106"
2,36,"Exchange",3428,"fetch wait time",0,974,2647,942925,"timing","101,106"
2,36,"Exchange",3429,"records read",1304989,1437320,1559174,1150017784,"sum","101,106"
2,36,"Exchange",3438,"remote reqs duration",8045,106313,182119,85208978,"timing","101,106"
2,36,"Exchange",3440,"shuffle bytes written",31585373,41155371,50614573,32924454651,"size","101,106"
2,36,"Exchange",3441,"shuffle records written",1104083,1437317,1768331,1150017784,"sum","101,106"
2,36,"Exchange",3442,"shuffle write time",18836570,29760701,106776208,23808725180,"nsTiming","101,106"
2,37,"WholeStageCodegen (9)",3443,"duration",2615,6786,11168,5591413,"timing","101"
2,39,"SortMergeJoin",3444,"number of output rows",1104083,1437317,1768331,1150017784,"sum","101"
2,39,"SortMergeJoin",3445,"spill size",0,0,0,0,"size","101"
2,41,"Sort",3448,"sort time",101,106,714,120106,"timing","101"
2,41,"Sort",3449,"peak memory",335544320,336466859,402653184,269173653504,"size","101"
2,41,"Sort",3450,"spill size",0,0,0,0,"size","101"
2,42,"Exchange",2882,"data size",134965600,135134944,222784800,140000000000,"size","93,101"
2,42,"Exchange",2883,"number of partitions",800,800,800,800,"sum","93,101"
2,42,"Exchange",2884,"remote blocks read",1024,1024,1033,823961,"sum","93,101"
2,42,"Exchange",2885,"local blocks read",3,3,12,4839,"sum","93,101"
2,42,"Exchange",2886,"remote bytes read",89417708,100411440,110817911,80329314689,"size","93,101"
2,42,"Exchange",2888,"local bytes read",278473,589211,1267875,471524652,"size","93,101"
2,42,"Exchange",2889,"fetch wait time",0,3365,8126,2856761,"timing","93,101"
2,42,"Exchange",2890,"records read",2786247,3124801,3452922,2500000000,"sum","93,101"
2,42,"Exchange",2899,"remote reqs duration",15657,41082,79335,33017259,"timing","93,101"
2,42,"Exchange",2901,"shuffle bytes written",77886442,77992832,128406630,80800839341,"size","93,101"
2,42,"Exchange",2902,"shuffle records written",2410100,2412961,3978300,2500000000,"sum","93,101"
2,42,"Exchange",2903,"shuffle write time",34717181,57303214,245215360,59366393972,"nsTiming","93,101"
2,43,"WholeStageCodegen (1)",2904,"duration",137,18556,48619,19649080,"timing","93"
2,44,"Filter",2905,"number of output rows",2410100,2412961,3978300,2500000000,"sum","93"
2,45,"ColumnarToRow",2906,"number of output rows",2410100,2412961,3978300,2500000000,"sum","93"
2,45,"ColumnarToRow",2907,"number of input batches",589,589,972,610970,"sum","93"
2,46,"Scan parquet spark_catalog.demo_pauldefusco.trs_v25",2536,"number of output rows",2410100,2412961,3978300,2500000000,"sum","93"
2,46,"Scan parquet spark_catalog.demo_pauldefusco.trs_v25",2537,"scan time",136,17587,47834,18635759,"timing","93"
2,46,"Scan parquet spark_catalog.demo_pauldefusco.trs_v25",2538,"number of files read",2,2,2,2,"sum","93"
2,46,"Scan parquet spark_catalog.demo_pauldefusco.trs_v25",2539,"metadata time",0,0,0,0,"timing","93"
2,46,"Scan parquet spark_catalog.demo_pauldefusco.trs_v25",2540,"size of files read",139988262866,139988262866,139988262866,139988262866,"size","93"
2,47,"WholeStageCodegen (8)",3451,"duration",5294,13837,22338,11232993,"timing","101"
2,48,"Sort",3452,"sort time",0,0,0,0,"timing","101"
2,48,"Sort",3453,"peak memory",67239936,67239936,67239936,53791948800,"size","101"
2,48,"Sort",3454,"spill size",0,0,0,0,"size","101"
2,49,"Exchange",2911,"data size",160000,160000,160000,64000000,"size","94,101"
2,49,"Exchange",2912,"number of partitions",800,800,800,800,"sum","94,101"
2,49,"Exchange",2913,"remote blocks read",377,379,400,317381,"sum","94,101"
2,49,"Exchange",2914,"local blocks read",1,1,21,1991,"sum","94,101"
2,49,"Exchange",2915,"remote bytes read",60011,63989,66451,51357756,"size","94,101"
2,49,"Exchange",2917,"local bytes read",90,1354,3708,323234,"size","94,101"
2,49,"Exchange",2918,"fetch wait time",0,0,3658,97364,"timing","94,101"
2,49,"Exchange",2919,"records read",2345,2411,2669,2000000,"sum","94,101"
2,49,"Exchange",2928,"remote reqs duration",6591,31710,75187,25524024,"timing","94,101"
2,49,"Exchange",2930,"shuffle bytes written",128093,129098,129931,51680990,"size","94,101"
2,49,"Exchange",2931,"shuffle records written",5000,5000,5000,2000000,"sum","94,101"
2,49,"Exchange",2932,"shuffle write time",2581098,3403016,21665090,1361245725,"nsTiming","94,101"
2,50,"WholeStageCodegen (2)",2933,"duration",338,708,10434,309474,"timing","94"
2,51,"Filter",2934,"number of output rows",5000,5000,5000,2000000,"sum","94"
2,52,"ColumnarToRow",2935,"number of output rows",5000,5000,5000,2000000,"sum","94"
2,52,"ColumnarToRow",2936,"number of input batches",2,2,2,800,"sum","94"
2,53,"Scan parquet spark_catalog.demo_pauldefusco.customers_skewed",2567,"number of output rows",5000,5000,5000,2000000,"sum","94"
2,53,"Scan parquet spark_catalog.demo_pauldefusco.customers_skewed",2568,"scan time",335,704,10429,307347,"timing","94"
2,53,"Scan parquet spark_catalog.demo_pauldefusco.customers_skewed",2569,"number of files read",800,800,800,800,"sum","94"
2,53,"Scan parquet spark_catalog.demo_pauldefusco.customers_skewed",2570,"metadata time",0,0,0,0,"timing","94"
2,53,"Scan parquet spark_catalog.demo_pauldefusco.customers_skewed",2571,"size of files read",42431919,42431919,42431919,42431919,"size","94"
2,55,"Sort",3651,"sort time",0,0,9,9,"timing","106"
2,55,"Sort",3652,"peak memory",67239936,67239936,67239936,53791948800,"size","106"
2,55,"Sort",3653,"spill size",0,0,0,0,"size","106"
2,56,"Exchange",2940,"data size",239776,239926,240160,96000000,"size","95,106"
2,56,"Exchange",2941,"number of partitions",800,800,800,800,"sum","95,106"
2,56,"Exchange",2942,"remote blocks read",388,388,400,317980,"sum","95,106"
2,56,"Exchange",2943,"local blocks read",1,1,12,2003,"sum","95,106"
2,56,"Exchange",2944,"remote bytes read",71178,74024,76173,59383416,"size","95,106"
2,56,"Exchange",2946,"local bytes read",147,1514,2488,375341,"size","95,106"
2,56,"Exchange",2947,"fetch wait time",0,379,2427,448898,"timing","95,106"
2,56,"Exchange",2948,"records read",3552,3653,3959,3000000,"sum","95,106"
2,56,"Exchange",2957,"remote reqs duration",2941,43850,60444,35235438,"timing","95,106"
2,56,"Exchange",2959,"shuffle bytes written",148816,149291,149823,59758757,"size","95,106"
2,56,"Exchange",2960,"shuffle records written",7493,7493,7505,3000000,"sum","95,106"
2,56,"Exchange",2961,"shuffle write time",2610955,3205185,12861388,1282113437,"nsTiming","95,106"
2,57,"WholeStageCodegen (3)",2962,"duration",337,664,9668,290346,"timing","95"
2,58,"Filter",2963,"number of output rows",7493,7493,7505,3000000,"sum","95"
2,59,"ColumnarToRow",2964,"number of output rows",7493,7493,7505,3000000,"sum","95"
2,59,"ColumnarToRow",2965,"number of input batches",2,2,2,800,"sum","95"
2,60,"Scan parquet spark_catalog.demo_pauldefusco.accounts_skewed",2598,"number of output rows",7493,7493,7505,3000000,"sum","95"
2,60,"Scan parquet spark_catalog.demo_pauldefusco.accounts_skewed",2599,"scan time",333,653,9664,285628,"timing","95"
2,60,"Scan parquet spark_catalog.demo_pauldefusco.accounts_skewed",2600,"number of files read",800,800,800,800,"sum","95"
2,60,"Scan parquet spark_catalog.demo_pauldefusco.accounts_skewed",2601,"metadata time",1,1,1,1,"timing","95"
2,60,"Scan parquet spark_catalog.demo_pauldefusco.accounts_skewed",2602,"size of files read",83622504,83622504,83622504,83622504,"size","95"
2,61,"WholeStageCodegen (14)",3824,"duration",246,573,1314,637100,"timing","113"
2,62,"Sort",3825,"sort time",0,0,0,0,"timing","113"
2,62,"Sort",3826,"peak memory",67174400,67174400,67174400,53605171200,"size","113"
2,62,"Sort",3827,"spill size",0,0,0,0,"size","113"
2,63,"AQEShuffleRead",3828,"number of partitions",798,798,798,798,"sum",""
2,63,"AQEShuffleRead",3829,"partition data size",42772,46993,95298,37605357,"size",""
2,63,"AQEShuffleRead",3830,"number of coalesced partitions",2,2,2,2,"sum",""
2,64,"Exchange",2969,"data size",68208,68740,69376,27537360,"size","96,113"
2,64,"Exchange",2970,"number of partitions",800,800,800,800,"sum","96,113"
2,64,"Exchange",2971,"remote blocks read",288,293,647,251409,"sum","96,113"
2,64,"Exchange",2972,"local blocks read",1,1,13,1520,"sum","96,113"
2,64,"Exchange",2973,"remote bytes read",41060,44671,91382,35809306,"size","96,113"
2,64,"Exchange",2975,"local bytes read",114,1023,2019,217228,"size","96,113"
2,64,"Exchange",2976,"fetch wait time",0,0,193,2855,"timing","96,113"
2,64,"Exchange",2977,"records read",537,576,1292,500000,"sum","96,113"
2,64,"Exchange",2986,"remote reqs duration",394,5217,13484,4325820,"timing","96,113"
2,64,"Exchange",2988,"shuffle bytes written",87462,89966,92132,36026534,"size","96,113"
2,64,"Exchange",2989,"shuffle records written",1248,1248,1252,500000,"sum","96,113"
2,64,"Exchange",2990,"shuffle write time",2069161,2405369,3640214,962187354,"nsTiming","96,113"
2,65,"WholeStageCodegen (4)",2991,"duration",325,732,11606,313742,"timing","96"
2,66,"Filter",2992,"number of output rows",1248,1248,1252,500000,"sum","96"
2,67,"ColumnarToRow",2993,"number of output rows",1248,1248,1252,500000,"sum","96"
2,67,"ColumnarToRow",2994,"number of input batches",2,2,2,800,"sum","96"
2,68,"Scan parquet spark_catalog.demo_pauldefusco.merchants_skewed",2629,"number of output rows",1248,1248,1252,500000,"sum","96"
2,68,"Scan parquet spark_catalog.demo_pauldefusco.merchants_skewed",2630,"scan time",323,729,11603,312527,"timing","96"
2,68,"Scan parquet spark_catalog.demo_pauldefusco.merchants_skewed",2631,"number of files read",800,800,800,800,"sum","96"
2,68,"Scan parquet spark_catalog.demo_pauldefusco.merchants_skewed",2632,"metadata time",1,1,1,1,"timing","96"
2,68,"Scan parquet spark_catalog.demo_pauldefusco.merchants_skewed",2633,"size of files read",13585953,13585953,13585953,13585953,"size","96"
2,69,"WholeStageCodegen (17)",3973,"duration",62,547,2708,289797,"timing","122"
2,70,"Sort",3974,"sort time",0,0,0,0,"timing","122"
2,70,"Sort",3975,"peak memory",67174400,67174400,67174400,29959782400,"size","122"
2,70,"Sort",3976,"spill size",0,0,0,0,"size","122"
2,71,"AQEShuffleRead",3977,"number of partitions",446,446,446,446,"sum",""
2,71,"AQEShuffleRead",3978,"partition data size",223,1246,1945,533383,"size",""
2,71,"AQEShuffleRead",3979,"number of coalesced partitions",274,274,274,274,"sum",""
2,72,"Exchange",2998,"data size",5112,5189,5296,260000,"size","97,122"
2,72,"Exchange",2999,"number of partitions",800,800,800,800,"sum","97,122"
2,72,"Exchange",3000,"remote blocks read",1,1,16,4197,"sum","97,122"
2,72,"Exchange",3001,"local blocks read",1,1,5,509,"sum","97,122"
2,72,"Exchange",3002,"remote bytes read",100,905,1754,452159,"size","97,122"
2,72,"Exchange",3004,"local bytes read",100,101,536,56325,"size","97,122"
2,72,"Exchange",3005,"fetch wait time",0,0,8,10,"timing","97,122"
2,72,"Exchange",3006,"records read",2,2,17,5000,"sum","97,122"
2,72,"Exchange",3015,"remote reqs duration",1,272,2839,169418,"timing","97,122"
2,72,"Exchange",3017,"shuffle bytes written",9631,10157,10498,508484,"size","97,122"
2,72,"Exchange",3018,"shuffle records written",100,100,100,5000,"sum","97,122"
2,72,"Exchange",3019,"shuffle write time",299423,365281,538714,18264678,"nsTiming","97,122"
2,73,"WholeStageCodegen (5)",3020,"duration",170,191,264,10116,"timing","97"
2,74,"Filter",3021,"number of output rows",100,100,100,5000,"sum","97"
2,75,"ColumnarToRow",3022,"number of output rows",100,100,100,5000,"sum","97"
2,75,"ColumnarToRow",3023,"number of input batches",1,1,1,50,"sum","97"
2,76,"Scan parquet spark_catalog.demo_pauldefusco.branches_skewed",2660,"number of output rows",100,100,100,5000,"sum","97"
2,76,"Scan parquet spark_catalog.demo_pauldefusco.branches_skewed",2661,"scan time",168,189,262,10018,"timing","97"
2,76,"Scan parquet spark_catalog.demo_pauldefusco.branches_skewed",2662,"number of files read",50,50,50,50,"sum","97"
2,76,"Scan parquet spark_catalog.demo_pauldefusco.branches_skewed",2663,"metadata time",0,0,0,0,"timing","97"
2,76,"Scan parquet spark_catalog.demo_pauldefusco.branches_skewed",2664,"size of files read",360683,360683,360683,360683,"size","97"
2,77,"WholeStageCodegen (20)",4094,"duration",162,631,2250,364161,"timing","133"
2,78,"Sort",4095,"sort time",0,0,0,0,"timing","133"
2,78,"Sort",4096,"peak memory",67174400,67174400,67174400,32243712000,"size","133"
2,78,"Sort",4097,"spill size",0,0,0,0,"size","133"
2,79,"AQEShuffleRead",4098,"number of partitions",480,480,480,480,"sum",""
2,79,"AQEShuffleRead",4099,"partition data size",97,97,189,50986,"size",""
2,79,"AQEShuffleRead",4100,"number of coalesced partitions",183,183,183,183,"sum",""
2,80,"Exchange",3027,"data size",29240,29240,29240,29240,"size","98,133"
2,80,"Exchange",3028,"number of partitions",800,800,800,800,"sum","98,133"
2,80,"Exchange",3029,"remote blocks read",1,1,1,460,"sum","98,133"
2,80,"Exchange",3030,"local blocks read",1,1,1,20,"sum","98,133"
2,80,"Exchange",3031,"remote bytes read",89,89,180,45761,"size","98,133"
2,80,"Exchange",3033,"local bytes read",90,98,126,2046,"size","98,133"
2,80,"Exchange",3034,"fetch wait time",0,0,0,0,"timing","98,133"
2,80,"Exchange",3035,"records read",1,1,6,731,"sum","98,133"
2,80,"Exchange",3044,"remote reqs duration",0,2,209,33575,"timing","98,133"
2,80,"Exchange",3046,"shuffle bytes written",47807,47807,47807,47807,"size","98,133"
2,80,"Exchange",3047,"shuffle records written",731,731,731,731,"sum","98,133"
2,80,"Exchange",3048,"shuffle write time",1741980,1741980,1741980,1741980,"nsTiming","98,133"
2,81,"WholeStageCodegen (6)",3049,"duration",233,233,233,233,"timing","98"
2,82,"Filter",3050,"number of output rows",731,731,731,731,"sum","98"
2,83,"ColumnarToRow",3051,"number of output rows",731,731,731,731,"sum","98"
2,83,"ColumnarToRow",3052,"number of input batches",1,1,1,1,"sum","98"
2,84,"Scan parquet spark_catalog.demo_pauldefusco.calendar",2691,"number of output rows",731,731,731,731,"sum","98"
2,84,"Scan parquet spark_catalog.demo_pauldefusco.calendar",2692,"scan time",218,218,218,218,"timing","98"
2,84,"Scan parquet spark_catalog.demo_pauldefusco.calendar",2693,"number of files read",1,1,1,1,"sum","98"
2,84,"Scan parquet spark_catalog.demo_pauldefusco.calendar",2694,"metadata time",0,0,0,0,"timing","98"
2,84,"Scan parquet spark_catalog.demo_pauldefusco.calendar",2695,"size of files read",10508,10508,10508,10508,"size","98"
