sqlID,nodeID,SQL Node,Child Node,Child NodeID
1,3,"WholeStageCodegen (140)","Sort",4
1,6,"WholeStageCodegen (139)","HashAggregate",7
1,6,"WholeStageCodegen (139)","HashAggregate",8
1,6,"WholeStageCodegen (139)","Sort",9
1,11,"WholeStageCodegen (138)","Project",12
1,11,"WholeStageCodegen (138)","SortMergeJoin",13
1,14,"WholeStageCodegen (136)","Sort",15
1,17,"WholeStageCodegen (135)","Project",18
1,17,"WholeStageCodegen (135)","SortMergeJoin",19
1,20,"WholeStageCodegen (133)","Sort",21
1,23,"WholeStageCodegen (132)","Project",24
1,23,"WholeStageCodegen (132)","SortMergeJoin",25
1,26,"WholeStageCodegen (130)","Sort",27
1,29,"WholeStageCodegen (123)","Project",30
1,29,"WholeStageCodegen (123)","SortMergeJoin",31
1,32,"WholeStageCodegen (121)","Sort",33
1,35,"WholeStageCodegen (93)","Project",36
1,35,"WholeStageCodegen (93)","Project",37
1,35,"WholeStageCodegen (93)","Project",38
1,35,"WholeStageCodegen (93)","Project",39
1,35,"WholeStageCodegen (93)","BroadcastHashJoin",40
1,35,"WholeStageCodegen (93)","Project",41
1,35,"WholeStageCodegen (93)","BroadcastHashJoin",42
1,35,"WholeStageCodegen (93)","Project",43
1,35,"WholeStageCodegen (93)","BroadcastHashJoin",44
1,35,"WholeStageCodegen (93)","Project",45
1,35,"WholeStageCodegen (93)","SortMergeJoin",46
1,47,"WholeStageCodegen (91)","Sort",48
1,50,"WholeStageCodegen (63)","Project",51
1,50,"WholeStageCodegen (63)","SortMergeJoin",52
1,53,"WholeStageCodegen (61)","Sort",54
1,56,"WholeStageCodegen (1)","Project",57
1,56,"WholeStageCodegen (1)","Filter",58
1,56,"WholeStageCodegen (1)","ColumnarToRow",59
1,61,"WholeStageCodegen (62)","Sort",62
1,64,"WholeStageCodegen (2)","Filter",65
1,64,"WholeStageCodegen (2)","ColumnarToRow",66
1,68,"WholeStageCodegen (92)","Sort",69
1,71,"WholeStageCodegen (3)","Filter",72
1,71,"WholeStageCodegen (3)","ColumnarToRow",73
1,76,"WholeStageCodegen (4)","Filter",77
1,76,"WholeStageCodegen (4)","ColumnarToRow",78
1,81,"WholeStageCodegen (5)","Filter",82
1,81,"WholeStageCodegen (5)","ColumnarToRow",83
1,86,"WholeStageCodegen (6)","Filter",87
1,86,"WholeStageCodegen (6)","ColumnarToRow",88
1,90,"WholeStageCodegen (122)","Sort",91
1,93,"WholeStageCodegen (120)","Project",94
1,93,"WholeStageCodegen (120)","SortMergeJoin",95
1,96,"WholeStageCodegen (118)","Sort",97
1,99,"WholeStageCodegen (114)","Project",100
1,99,"WholeStageCodegen (114)","SortMergeJoin",101
1,102,"WholeStageCodegen (112)","Sort",103
1,106,"WholeStageCodegen (90)","HashAggregate",107
1,106,"WholeStageCodegen (90)","HashAggregate",108
1,106,"WholeStageCodegen (90)","Project",109
1,106,"WholeStageCodegen (90)","BroadcastHashJoin",110
1,106,"WholeStageCodegen (90)","Project",111
1,106,"WholeStageCodegen (90)","BroadcastHashJoin",112
1,106,"WholeStageCodegen (90)","Project",113
1,106,"WholeStageCodegen (90)","BroadcastHashJoin",114
1,106,"WholeStageCodegen (90)","Project",115
1,106,"WholeStageCodegen (90)","SortMergeJoin",116
1,117,"WholeStageCodegen (88)","Sort",118
1,120,"WholeStageCodegen (66)","Project",121
1,120,"WholeStageCodegen (66)","SortMergeJoin",122
1,123,"WholeStageCodegen (64)","Sort",124
1,126,"WholeStageCodegen (7)","Project",127
1,126,"WholeStageCodegen (7)","Filter",128
1,126,"WholeStageCodegen (7)","ColumnarToRow",129
1,131,"WholeStageCodegen (65)","Sort",132
1,134,"WholeStageCodegen (8)","Filter",135
1,134,"WholeStageCodegen (8)","ColumnarToRow",136
1,138,"WholeStageCodegen (89)","Sort",139
1,141,"WholeStageCodegen (9)","Filter",142
1,141,"WholeStageCodegen (9)","ColumnarToRow",143
1,146,"WholeStageCodegen (10)","Filter",147
1,146,"WholeStageCodegen (10)","ColumnarToRow",148
1,151,"WholeStageCodegen (11)","Filter",152
1,151,"WholeStageCodegen (11)","ColumnarToRow",153
1,156,"WholeStageCodegen (12)","Filter",157
1,156,"WholeStageCodegen (12)","ColumnarToRow",158
1,160,"WholeStageCodegen (113)","Sort",161
1,163,"WholeStageCodegen (110)","HashAggregate",164
1,163,"WholeStageCodegen (110)","HashAggregate",165
1,163,"WholeStageCodegen (110)","Sort",166
1,168,"WholeStageCodegen (99)","Project",169
1,168,"WholeStageCodegen (99)","Project",170
1,168,"WholeStageCodegen (99)","Project",171
1,168,"WholeStageCodegen (99)","BroadcastHashJoin",172
1,168,"WholeStageCodegen (99)","Project",173
1,168,"WholeStageCodegen (99)","BroadcastHashJoin",174
1,168,"WholeStageCodegen (99)","Project",175
1,168,"WholeStageCodegen (99)","BroadcastHashJoin",176
1,168,"WholeStageCodegen (99)","Project",177
1,168,"WholeStageCodegen (99)","SortMergeJoin",178
1,179,"WholeStageCodegen (97)","Sort",180
1,182,"WholeStageCodegen (69)","Project",183
1,182,"WholeStageCodegen (69)","SortMergeJoin",184
1,185,"WholeStageCodegen (67)","Sort",186
1,188,"WholeStageCodegen (13)","Project",189
1,188,"WholeStageCodegen (13)","Filter",190
1,188,"WholeStageCodegen (13)","ColumnarToRow",191
1,193,"WholeStageCodegen (68)","Sort",194
1,196,"WholeStageCodegen (14)","Filter",197
1,196,"WholeStageCodegen (14)","ColumnarToRow",198
1,200,"WholeStageCodegen (98)","Sort",201
1,203,"WholeStageCodegen (15)","Filter",204
1,203,"WholeStageCodegen (15)","ColumnarToRow",205
1,208,"WholeStageCodegen (16)","Filter",209
1,208,"WholeStageCodegen (16)","ColumnarToRow",210
1,213,"WholeStageCodegen (18)","Filter",214
1,213,"WholeStageCodegen (18)","ColumnarToRow",215
1,217,"WholeStageCodegen (119)","Sort",218
1,220,"WholeStageCodegen (103)","HashAggregate",221
1,220,"WholeStageCodegen (103)","HashAggregate",222
1,220,"WholeStageCodegen (103)","Sort",223
1,225,"WholeStageCodegen (78)","Project",226
1,225,"WholeStageCodegen (78)","Project",227
1,225,"WholeStageCodegen (78)","Project",228
1,225,"WholeStageCodegen (78)","BroadcastHashJoin",229
1,225,"WholeStageCodegen (78)","Project",230
1,225,"WholeStageCodegen (78)","BroadcastHashJoin",231
1,225,"WholeStageCodegen (78)","Project",232
1,225,"WholeStageCodegen (78)","BroadcastHashJoin",233
1,225,"WholeStageCodegen (78)","Project",234
1,225,"WholeStageCodegen (78)","SortMergeJoin",235
1,236,"WholeStageCodegen (76)","Sort",237
1,239,"WholeStageCodegen (56)","Project",240
1,239,"WholeStageCodegen (56)","BroadcastHashJoin",241
1,239,"WholeStageCodegen (56)","Project",242
1,239,"WholeStageCodegen (56)","Filter",243
1,239,"WholeStageCodegen (56)","ColumnarToRow",244
1,247,"WholeStageCodegen (19)","Filter",248
1,247,"WholeStageCodegen (19)","ColumnarToRow",249
1,251,"WholeStageCodegen (77)","Sort",252
1,254,"WholeStageCodegen (20)","Filter",255
1,254,"WholeStageCodegen (20)","ColumnarToRow",256
1,258,"WholeStageCodegen (131)","Sort",259
1,261,"WholeStageCodegen (117)","Project",262
1,261,"WholeStageCodegen (117)","SortMergeJoin",263
1,264,"WholeStageCodegen (115)","Sort",265
1,268,"WholeStageCodegen (108)","HashAggregate",269
1,271,"WholeStageCodegen (87)","HashAggregate",272
1,271,"WholeStageCodegen (87)","Project",273
1,271,"WholeStageCodegen (87)","BroadcastHashJoin",274
1,271,"WholeStageCodegen (87)","Project",275
1,271,"WholeStageCodegen (87)","BroadcastHashJoin",276
1,271,"WholeStageCodegen (87)","Project",277
1,271,"WholeStageCodegen (87)","BroadcastHashJoin",278
1,271,"WholeStageCodegen (87)","Project",279
1,271,"WholeStageCodegen (87)","SortMergeJoin",280
1,281,"WholeStageCodegen (85)","Sort",282
1,284,"WholeStageCodegen (60)","Project",285
1,284,"WholeStageCodegen (60)","BroadcastHashJoin",286
1,284,"WholeStageCodegen (60)","Project",287
1,284,"WholeStageCodegen (60)","Filter",288
1,284,"WholeStageCodegen (60)","ColumnarToRow",289
1,292,"WholeStageCodegen (24)","Filter",293
1,292,"WholeStageCodegen (24)","ColumnarToRow",294
1,296,"WholeStageCodegen (86)","Sort",297
1,299,"WholeStageCodegen (25)","Filter",300
1,299,"WholeStageCodegen (25)","ColumnarToRow",301
1,304,"WholeStageCodegen (26)","Filter",305
1,304,"WholeStageCodegen (26)","ColumnarToRow",306
1,309,"WholeStageCodegen (28)","Filter",310
1,309,"WholeStageCodegen (28)","ColumnarToRow",311
1,313,"WholeStageCodegen (116)","Sort",314
1,316,"WholeStageCodegen (104)","HashAggregate",317
1,316,"WholeStageCodegen (104)","HashAggregate",318
1,316,"WholeStageCodegen (104)","Sort",319
1,321,"WholeStageCodegen (81)","Project",322
1,321,"WholeStageCodegen (81)","Project",323
1,321,"WholeStageCodegen (81)","BroadcastHashJoin",324
1,321,"WholeStageCodegen (81)","Project",325
1,321,"WholeStageCodegen (81)","BroadcastHashJoin",326
1,321,"WholeStageCodegen (81)","Project",327
1,321,"WholeStageCodegen (81)","BroadcastHashJoin",328
1,321,"WholeStageCodegen (81)","Project",329
1,321,"WholeStageCodegen (81)","SortMergeJoin",330
1,331,"WholeStageCodegen (79)","Sort",332
1,334,"WholeStageCodegen (57)","Project",335
1,334,"WholeStageCodegen (57)","BroadcastHashJoin",336
1,334,"WholeStageCodegen (57)","Project",337
1,334,"WholeStageCodegen (57)","Filter",338
1,334,"WholeStageCodegen (57)","ColumnarToRow",339
1,341,"WholeStageCodegen (80)","Sort",342
1,344,"WholeStageCodegen (31)","Filter",345
1,344,"WholeStageCodegen (31)","ColumnarToRow",346
1,349,"WholeStageCodegen (33)","Filter",350
1,349,"WholeStageCodegen (33)","ColumnarToRow",351
1,353,"WholeStageCodegen (134)","Sort",354
1,353,"WholeStageCodegen (134)","HashAggregate",355
1,353,"WholeStageCodegen (134)","HashAggregate",356
1,353,"WholeStageCodegen (134)","Sort",357
1,359,"WholeStageCodegen (96)","Project",360
1,359,"WholeStageCodegen (96)","Project",361
1,359,"WholeStageCodegen (96)","BroadcastHashJoin",362
1,359,"WholeStageCodegen (96)","Project",363
1,359,"WholeStageCodegen (96)","BroadcastHashJoin",364
1,359,"WholeStageCodegen (96)","Project",365
1,359,"WholeStageCodegen (96)","BroadcastHashJoin",366
1,359,"WholeStageCodegen (96)","Project",367
1,359,"WholeStageCodegen (96)","SortMergeJoin",368
1,369,"WholeStageCodegen (94)","Sort",370
1,372,"WholeStageCodegen (58)","Project",373
1,372,"WholeStageCodegen (58)","BroadcastHashJoin",374
1,372,"WholeStageCodegen (58)","Project",375
1,372,"WholeStageCodegen (58)","Filter",376
1,372,"WholeStageCodegen (58)","ColumnarToRow",377
1,379,"WholeStageCodegen (95)","Sort",380
1,381,"WholeStageCodegen (137)","Sort",382
1,384,"WholeStageCodegen (129)","Project",385
1,384,"WholeStageCodegen (129)","SortMergeJoin",386
1,387,"WholeStageCodegen (127)","Sort",388
1,390,"WholeStageCodegen (126)","Project",391
1,390,"WholeStageCodegen (126)","SortMergeJoin",392
1,393,"WholeStageCodegen (124)","Sort",394
1,396,"WholeStageCodegen (109)","HashAggregate",397
1,399,"WholeStageCodegen (102)","HashAggregate",400
1,399,"WholeStageCodegen (102)","Project",401
1,399,"WholeStageCodegen (102)","BroadcastHashJoin",402
1,399,"WholeStageCodegen (102)","Project",403
1,399,"WholeStageCodegen (102)","BroadcastHashJoin",404
1,399,"WholeStageCodegen (102)","Project",405
1,399,"WholeStageCodegen (102)","BroadcastHashJoin",406
1,399,"WholeStageCodegen (102)","Project",407
1,399,"WholeStageCodegen (102)","SortMergeJoin",408
1,409,"WholeStageCodegen (100)","Sort",410
1,412,"WholeStageCodegen (72)","Project",413
1,412,"WholeStageCodegen (72)","SortMergeJoin",414
1,415,"WholeStageCodegen (70)","Sort",416
1,418,"WholeStageCodegen (39)","Project",419
1,418,"WholeStageCodegen (39)","Filter",420
1,418,"WholeStageCodegen (39)","ColumnarToRow",421
1,423,"WholeStageCodegen (71)","Sort",424
1,426,"WholeStageCodegen (40)","Filter",427
1,426,"WholeStageCodegen (40)","ColumnarToRow",428
1,430,"WholeStageCodegen (101)","Sort",431
1,433,"WholeStageCodegen (42)","Filter",434
1,433,"WholeStageCodegen (42)","ColumnarToRow",435
1,438,"WholeStageCodegen (43)","Filter",439
1,438,"WholeStageCodegen (43)","ColumnarToRow",440
1,442,"WholeStageCodegen (125)","Sort",443
1,445,"WholeStageCodegen (111)","HashAggregate",446
1,445,"WholeStageCodegen (111)","HashAggregate",447
1,445,"WholeStageCodegen (111)","Sort",448
1,450,"WholeStageCodegen (107)","Project",451
1,450,"WholeStageCodegen (107)","Project",452
1,450,"WholeStageCodegen (107)","BroadcastHashJoin",453
1,450,"WholeStageCodegen (107)","Project",454
1,450,"WholeStageCodegen (107)","BroadcastHashJoin",455
1,450,"WholeStageCodegen (107)","Project",456
1,450,"WholeStageCodegen (107)","BroadcastHashJoin",457
1,450,"WholeStageCodegen (107)","Project",458
1,450,"WholeStageCodegen (107)","SortMergeJoin",459
1,460,"WholeStageCodegen (105)","Sort",461
1,463,"WholeStageCodegen (84)","Project",464
1,463,"WholeStageCodegen (84)","SortMergeJoin",465
1,466,"WholeStageCodegen (82)","Sort",467
1,469,"WholeStageCodegen (45)","Project",470
1,469,"WholeStageCodegen (45)","Filter",471
1,469,"WholeStageCodegen (45)","ColumnarToRow",472
1,474,"WholeStageCodegen (83)","Sort",475
1,477,"WholeStageCodegen (46)","Filter",478
1,477,"WholeStageCodegen (46)","ColumnarToRow",479
1,481,"WholeStageCodegen (106)","Sort",482
1,484,"WholeStageCodegen (49)","Filter",485
1,484,"WholeStageCodegen (49)","ColumnarToRow",486
1,488,"WholeStageCodegen (128)","Sort",489
1,488,"WholeStageCodegen (128)","HashAggregate",490
1,488,"WholeStageCodegen (128)","HashAggregate",491
1,488,"WholeStageCodegen (128)","Sort",492
1,494,"WholeStageCodegen (75)","Project",495
1,494,"WholeStageCodegen (75)","Project",496
1,494,"WholeStageCodegen (75)","BroadcastHashJoin",497
1,494,"WholeStageCodegen (75)","Project",498
1,494,"WholeStageCodegen (75)","BroadcastHashJoin",499
1,494,"WholeStageCodegen (75)","Project",500
1,494,"WholeStageCodegen (75)","BroadcastHashJoin",501
1,494,"WholeStageCodegen (75)","Project",502
1,494,"WholeStageCodegen (75)","SortMergeJoin",503
1,504,"WholeStageCodegen (73)","Sort",505
1,507,"WholeStageCodegen (59)","Project",508
1,507,"WholeStageCodegen (59)","BroadcastHashJoin",509
1,507,"WholeStageCodegen (59)","Project",510
1,507,"WholeStageCodegen (59)","Filter",511
1,507,"WholeStageCodegen (59)","ColumnarToRow",512
1,514,"WholeStageCodegen (74)","Sort",515
1,517,"WholeStageCodegen (53)","Filter",518
1,517,"WholeStageCodegen (53)","ColumnarToRow",519
